{"type":"FeatureCollection","features":[{"type":"Feature","id":"421_-1236","geometry":{"type":"Polygon","coordinates":[[[-123.65,42.05],[-123.55,42.05],[-123.55,42.15],[-123.65,42.15],[-123.65,42.05]]]},"properties":{"group":"cantharellus","week":"2026-10-05","chance":0.0221,"uncertainty_low":null,"uncertainty_high":null,"applicable":true,"drivers":[],"weather_through":"2026-10-04","model_version":"pnw-pilot-t1-calendar-e2c272b7acfa"}},{"type":"Feature","id":"422_-1244","geometry":{"type":"Polygon","coordinates":[[[-124.45,42.15],[-124.35,42.15],[-124.35,42.25],[-124.45,42.25],[-124.45,42.15]]]},"properties":{"group":"cantharellus","week":"2026-10-05","chance":0.0412,"uncertainty_low":null,"uncertainty_high":null,"applicable":true,"drivers":[],"weather_through":"2026-10-04","model_version":"pnw-pilot-t1-calendar-e2c272b7acfa"}},{"type":"Feature","id":"422_-1228","geometry":{"type":"Polygon","coordinates":[[[-122.85,42.15],[-122.75,42.15],[-122.75,42.25],[-122.85,42.25],[-122.85,42.15]]]},"properties":{"group":"cantharellus","week":"2026-10-05","chance":0.0222,"uncertainty_low":null,"uncertainty_high":null,"applicable":true,"drivers":[],"weather_through":"2026-10-04","model_version":"pnw-pilot-t1-calendar-e2c272b7acfa"}},{"type":"Feature","id":"422_-1227","geometry":{"type":"Polygon","coordinates":[[[-122.75,42.15],[-122.65,42.15],[-122.65,42.25],[-122.75,42.25],[-122.75,42.15]]]},"properties":{"group":"cantharellus","week":"2026-10-05","chance":0.0328,"uncertainty_low":null,"uncertainty_high":null,"applicable":true,"drivers":[],"weather_through":"2026-10-04","model_version":"pnw-pilot-t1-calendar-e2c272b7acfa"}},{"type":"Feature","id":"424_-1233","geometry":{"type":"Polygon","coordinates":[[[-123.35,42.35],[-123.25,42.35],[-123.25,42.45],[-123.35,42.45],[-123.35,42.35]]]},"properties":{"group":"cantharellus","week":"2026-10-05","chance":0.0166,"uncertainty_low":null,"uncertainty_high":null,"applicable":true,"drivers":[],"weather_through":"2026-10-04","model_version":"pnw-pilot-t1-calendar-e2c272b7acfa"}},{"type":"Feature","id":"425_-1243","geometry":{"type":"Polygon","coordinates":[[[-124.35,42.45],[-124.25,42.45],[-124.25,42.55],[-124.35,42.55],[-124.35,42.45]]]},"properties":{"group":"cantharellus","week":"2026-10-05","chance":0.0422,"uncertainty_low":null,"uncertainty_high":null,"applicable":true,"drivers":[],"weather_through":"2026-10-04","model_version":"pnw-pilot-t1-calendar-e2c272b7acfa"}},{"type":"Feature","id":"427_-1221","geometry":{"type":"Polygon","coordinates":[[[-122.15,42.65],[-122.05,42.65],[-122.05,42.75],[-122.15,42.75],[-122.15,42.65]]]},"properties":{"group":"cantharellus","week":"2026-10-05","chance":0.0427,"uncertainty_low":null,"uncertainty_high":null,"applicable":true,"drivers":[],"weather_through":"2026-10-04","model_version":"pnw-pilot-t1-calendar-e2c272b7acfa"}},{"type":"Feature","id":"431_-1244","geometry":{"type":"Polygon","coordinates":[[[-124.45,43.05],[-124.35,43.05],[-124.35,43.15],[-124.45,43.15],[-124.45,43.05]]]},"properties":{"group":"cantharellus","week":"2026-10-05","chance":0.0561,"uncertainty_low":null,"uncertainty_high":null,"applicable":true,"drivers":[],"weather_through":"2026-10-04","model_version":"pnw-pilot-t1-calendar-e2c272b7acfa"}},{"type":"Feature","id":"433_-1244","geometry":{"type":"Polygon","coordinates":[[[-124.45,43.25],[-124.35,43.25],[-124.35,43.35],[-124.45,43.35],[-124.45,43.25]]]},"properties":{"group":"cantharellus","week":"2026-10-05","chance":0.0561,"uncertainty_low":null,"uncertainty_high":null,"applicable":true,"drivers":[],"weather_through":"2026-10-04","model_version":"pnw-pilot-t1-calendar-e2c272b7acfa"}},{"type":"Feature","id":"433_-1243","geometry":{"type":"Polygon","coordinates":[[[-124.35,43.25],[-124.25,43.25],[-124.25,43.35],[-124.35,43.35],[-124.35,43.25]]]},"properties":{"group":"cantharellus","week":"2026-10-05","chance":0.0575,"uncertainty_low":null,"uncertainty_high":null,"applicable":true,"drivers":[],"weather_through":"2026-10-04","model_version":"pnw-pilot-t1-calendar-e2c272b7acfa"}},{"type":"Feature","id":"436_-1242","geometry":{"type":"Polygon","coordinates":[[[-124.25,43.55],[-124.15,43.55],[-124.15,43.65],[-124.25,43.65],[-124.25,43.55]]]},"properties":{"group":"cantharellus","week":"2026-10-05","chance":0.0674,"uncertainty_low":null,"uncertainty_high":null,"applicable":true,"drivers":[],"weather_through":"2026-10-04","model_version":"pnw-pilot-t1-calendar-e2c272b7acfa"}},{"type":"Feature","id":"436_-1221","geometry":{"type":"Polygon","coordinates":[[[-122.15,43.55],[-122.05,43.55],[-122.05,43.65],[-122.15,43.65],[-122.15,43.55]]]},"properties":{"group":"cantharellus","week":"2026-10-05","chance":0.0608,"uncertainty_low":null,"uncertainty_high":null,"applicable":true,"drivers":[],"weather_through":"2026-10-04","model_version":"pnw-pilot-t1-calendar-e2c272b7acfa"}},{"type":"Feature","id":"436_-1220","geometry":{"type":"Polygon","coordinates":[[[-122.05,43.55],[-121.95,43.55],[-121.95,43.65],[-122.05,43.65],[-122.05,43.55]]]},"properties":{"group":"cantharellus","week":"2026-10-05","chance":0.0704,"uncertainty_low":null,"uncertainty_high":null,"applicable":true,"drivers":[],"weather_through":"2026-10-04","model_version":"pnw-pilot-t1-calendar-e2c272b7acfa"}},{"type":"Feature","id":"437_-1227","geometry":{"type":"Polygon","coordinates":[[[-122.75,43.65],[-122.65,43.65],[-122.65,43.75],[-122.75,43.75],[-122.75,43.65]]]},"properties":{"group":"cantharellus","week":"2026-10-05","chance":0.0555,"uncertainty_low":null,"uncertainty_high":null,"applicable":true,"drivers":[],"weather_through":"2026-10-04","model_version":"pnw-pilot-t1-calendar-e2c272b7acfa"}},{"type":"Feature","id":"437_-1221","geometry":{"type":"Polygon","coordinates":[[[-122.15,43.65],[-122.05,43.65],[-122.05,43.75],[-122.15,43.75],[-122.15,43.65]]]},"properties":{"group":"cantharellus","week":"2026-10-05","chance":0.061,"uncertainty_low":null,"uncertainty_high":null,"applicable":true,"drivers":[],"weather_through":"2026-10-04","model_version":"pnw-pilot-t1-calendar-e2c272b7acfa"}},{"type":"Feature","id":"438_-1242","geometry":{"type":"Polygon","coordinates":[[[-124.25,43.75],[-124.15,43.75],[-124.15,43.85],[-124.25,43.85],[-124.25,43.75]]]},"properties":{"group":"cantharellus","week":"2026-10-05","chance":0.0841,"uncertainty_low":null,"uncertainty_high":null,"applicable":true,"drivers":[],"weather_through":"2026-10-04","model_version":"pnw-pilot-t1-calendar-e2c272b7acfa"}},{"type":"Feature","id":"438_-1227","geometry":{"type":"Polygon","coordinates":[[[-122.75,43.75],[-122.65,43.75],[-122.65,43.85],[-122.75,43.85],[-122.75,43.75]]]},"properties":{"group":"cantharellus","week":"2026-10-05","chance":0.0578,"uncertainty_low":null,"uncertainty_high":null,"applicable":true,"drivers":[],"weather_through":"2026-10-04","model_version":"pnw-pilot-t1-calendar-e2c272b7acfa"}},{"type":"Feature","id":"438_-1226","geometry":{"type":"Polygon","coordinates":[[[-122.65,43.75],[-122.55,43.75],[-122.55,43.85],[-122.65,43.85],[-122.65,43.75]]]},"properties":{"group":"cantharellus","week":"2026-10-05","chance":0.0605,"uncertainty_low":null,"uncertainty_high":null,"applicable":true,"drivers":[],"weather_through":"2026-10-04","model_version":"pnw-pilot-t1-calendar-e2c272b7acfa"}},{"type":"Feature","id":"438_-1225","geometry":{"type":"Polygon","coordinates":[[[-122.55,43.75],[-122.45,43.75],[-122.45,43.85],[-122.55,43.85],[-122.55,43.75]]]},"properties":{"group":"cantharellus","week":"2026-10-05","chance":0.0605,"uncertainty_low":null,"uncertainty_high":null,"applicable":true,"drivers":[],"weather_through":"2026-10-04","model_version":"pnw-pilot-t1-calendar-e2c272b7acfa"}},{"type":"Feature","id":"439_-1241","geometry":{"type":"Polygon","coordinates":[[[-124.15,43.85],[-124.05,43.85],[-124.05,43.95],[-124.15,43.95],[-124.15,43.85]]]},"properties":{"group":"cantharellus","week":"2026-10-05","chance":0.0667,"uncertainty_low":null,"uncertainty_high":null,"applicable":true,"drivers":[],"weather_through":"2026-10-04","model_version":"pnw-pilot-t1-calendar-e2c272b7acfa"}},{"type":"Feature","id":"439_-1238","geometry":{"type":"Polygon","coordinates":[[[-123.85,43.85],[-123.75,43.85],[-123.75,43.95],[-123.85,43.95],[-123.85,43.85]]]},"properties":{"group":"cantharellus","week":"2026-10-05","chance":0.0642,"uncertainty_low":null,"uncertainty_high":null,"applicable":true,"drivers":[],"weather_through":"2026-10-04","model_version":"pnw-pilot-t1-calendar-e2c272b7acfa"}},{"type":"Feature","id":"439_-1229","geometry":{"type":"Polygon","coordinates":[[[-122.95,43.85],[-122.85,43.85],[-122.85,43.95],[-122.95,43.95],[-122.95,43.85]]]},"properties":{"group":"cantharellus","week":"2026-10-05","chance":0.0394,"uncertainty_low":null,"uncertainty_high":null,"applicable":true,"drivers":[],"weather_through":"2026-10-04","model_version":"pnw-pilot-t1-calendar-e2c272b7acfa"}},{"type":"Feature","id":"439_-1228","geometry":{"type":"Polygon","coordinates":[[[-122.85,43.85],[-122.75,43.85],[-122.75,43.95],[-122.85,43.95],[-122.85,43.85]]]},"properties":{"group":"cantharellus","week":"2026-10-05","chance":0.0374,"uncertainty_low":null,"uncertainty_high":null,"applicable":true,"drivers":[],"weather_through":"2026-10-04","model_version":"pnw-pilot-t1-calendar-e2c272b7acfa"}},{"type":"Feature","id":"439_-1214","geometry":{"type":"Polygon","coordinates":[[[-121.45,43.85],[-121.35,43.85],[-121.35,43.95],[-121.45,43.95],[-121.45,43.85]]]},"properties":{"group":"cantharellus","week":"2026-10-05","chance":0.0311,"uncertainty_low":null,"uncertainty_high":null,"applicable":true,"drivers":[],"weather_through":"2026-10-04","model_version":"pnw-pilot-t1-calendar-e2c272b7acfa"}},{"type":"Feature","id":"440_-1241","geometry":{"type":"Polygon","coordinates":[[[-124.15,43.95],[-124.05,43.95],[-124.05,44.05],[-124.15,44.05],[-124.15,43.95]]]},"properties":{"group":"cantharellus","week":"2026-10-05","chance":0.0521,"uncertainty_low":null,"uncertainty_high":null,"applicable":true,"drivers":[],"weather_through":"2026-10-04","model_version":"pnw-pilot-t1-calendar-e2c272b7acfa"}},{"type":"Feature","id":"440_-1239","geometry":{"type":"Polygon","coordinates":[[[-123.95,43.95],[-123.85,43.95],[-123.85,44.05],[-123.95,44.05],[-123.95,43.95]]]},"properties":{"group":"cantharellus","week":"2026-10-05","chance":0.0478,"uncertainty_low":null,"uncertainty_high":null,"applicable":true,"drivers":[],"weather_through":"2026-10-04","model_version":"pnw-pilot-t1-calendar-e2c272b7acfa"}},{"type":"Feature","id":"440_-1237","geometry":{"type":"Polygon","coordinates":[[[-123.75,43.95],[-123.65,43.95],[-123.65,44.05],[-123.75,44.05],[-123.75,43.95]]]},"properties":{"group":"cantharellus","week":"2026-10-05","chance":0.0487,"uncertainty_low":null,"uncertainty_high":null,"applicable":true,"drivers":[],"weather_through":"2026-10-04","model_version":"pnw-pilot-t1-calendar-e2c272b7acfa"}},{"type":"Feature","id":"440_-1234","geometry":{"type":"Polygon","coordinates":[[[-123.45,43.95],[-123.35,43.95],[-123.35,44.05],[-123.45,44.05],[-123.45,43.95]]]},"properties":{"group":"cantharellus","week":"2026-10-05","chance":0.0266,"uncertainty_low":null,"uncertainty_high":null,"applicable":true,"drivers":[],"weather_through":"2026-10-04","model_version":"pnw-pilot-t1-calendar-e2c272b7acfa"}},{"type":"Feature","id":"440_-1232","geometry":{"type":"Polygon","coordinates":[[[-123.25,43.95],[-123.15,43.95],[-123.15,44.05],[-123.25,44.05],[-123.25,43.95]]]},"properties":{"group":"cantharellus","week":"2026-10-05","chance":0.0158,"uncertainty_low":null,"uncertainty_high":null,"applicable":true,"drivers":[],"weather_through":"2026-10-04","model_version":"pnw-pilot-t1-calendar-e2c272b7acfa"}},{"type":"Feature","id":"440_-1231","geometry":{"type":"Polygon","coordinates":[[[-123.15,43.95],[-123.05,43.95],[-123.05,44.05],[-123.15,44.05],[-123.15,43.95]]]},"properties":{"group":"cantharellus","week":"2026-10-05","chance":0.0158,"uncertainty_low":null,"uncertainty_high":null,"applicable":true,"drivers":[],"weather_through":"2026-10-04","model_version":"pnw-pilot-t1-calendar-e2c272b7acfa"}},{"type":"Feature","id":"440_-1230","geometry":{"type":"Polygon","coordinates":[[[-123.05,43.95],[-122.95,43.95],[-122.95,44.05],[-123.05,44.05],[-123.05,43.95]]]},"properties":{"group":"cantharellus","week":"2026-10-05","chance":0.0209,"uncertainty_low":null,"uncertainty_high":null,"applicable":true,"drivers":[],"weather_through":"2026-10-04","model_version":"pnw-pilot-t1-calendar-e2c272b7acfa"}},{"type":"Feature","id":"440_-1229","geometry":{"type":"Polygon","coordinates":[[[-122.95,43.95],[-122.85,43.95],[-122.85,44.05],[-122.95,44.05],[-122.95,43.95]]]},"properties":{"group":"cantharellus","week":"2026-10-05","chance":0.0228,"uncertainty_low":null,"uncertainty_high":null,"applicable":true,"drivers":[],"weather_through":"2026-10-04","model_version":"pnw-pilot-t1-calendar-e2c272b7acfa"}},{"type":"Feature","id":"440_-1226","geometry":{"type":"Polygon","coordinates":[[[-122.65,43.95],[-122.55,43.95],[-122.55,44.05],[-122.65,44.05],[-122.65,43.95]]]},"properties":{"group":"cantharellus","week":"2026-10-05","chance":0.0505,"uncertainty_low":null,"uncertainty_high":null,"applicable":true,"drivers":[],"weather_through":"2026-10-04","model_version":"pnw-pilot-t1-calendar-e2c272b7acfa"}},{"type":"Feature","id":"441_-1241","geometry":{"type":"Polygon","coordinates":[[[-124.15,44.05],[-124.05,44.05],[-124.05,44.15],[-124.15,44.15],[-124.15,44.05]]]},"properties":{"group":"cantharellus","week":"2026-10-05","chance":0.0521,"uncertainty_low":null,"uncertainty_high":null,"applicable":true,"drivers":[],"weather_through":"2026-10-04","model_version":"pnw-pilot-t1-calendar-e2c272b7acfa"}},{"type":"Feature","id":"441_-1236","geometry":{"type":"Polygon","coordinates":[[[-123.65,44.05],[-123.55,44.05],[-123.55,44.15],[-123.65,44.15],[-123.65,44.05]]]},"properties":{"group":"cantharellus","week":"2026-10-05","chance":0.0487,"uncertainty_low":null,"uncertainty_high":null,"applicable":true,"drivers":[],"weather_through":"2026-10-04","model_version":"pnw-pilot-t1-calendar-e2c272b7acfa"}},{"type":"Feature","id":"441_-1234","geometry":{"type":"Polygon","coordinates":[[[-123.45,44.05],[-123.35,44.05],[-123.35,44.15],[-123.45,44.15],[-123.45,44.05]]]},"properties":{"group":"cantharellus","week":"2026-10-05","chance":0.0266,"uncertainty_low":null,"uncertainty_high":null,"applicable":true,"drivers":[],"weather_through":"2026-10-04","model_version":"pnw-pilot-t1-calendar-e2c272b7acfa"}},{"type":"Feature","id":"441_-1233","geometry":{"type":"Polygon","coordinates":[[[-123.35,44.05],[-123.25,44.05],[-123.25,44.15],[-123.35,44.15],[-123.35,44.05]]]},"properties":{"group":"cantharellus","week":"2026-10-05","chance":0.0177,"uncertainty_low":null,"uncertainty_high":null,"applicable":true,"drivers":[],"weather_through":"2026-10-04","model_version":"pnw-pilot-t1-calendar-e2c272b7acfa"}},{"type":"Feature","id":"441_-1232","geometry":{"type":"Polygon","coordinates":[[[-123.25,44.05],[-123.15,44.05],[-123.15,44.15],[-123.25,44.15],[-123.25,44.05]]]},"properties":{"group":"cantharellus","week":"2026-10-05","chance":0.0158,"uncertainty_low":null,"uncertainty_high":null,"applicable":true,"drivers":[],"weather_through":"2026-10-04","model_version":"pnw-pilot-t1-calendar-e2c272b7acfa"}},{"type":"Feature","id":"441_-1231","geometry":{"type":"Polygon","coordinates":[[[-123.15,44.05],[-123.05,44.05],[-123.05,44.15],[-123.15,44.15],[-123.15,44.05]]]},"properties":{"group":"cantharellus","week":"2026-10-05","chance":0.0158,"uncertainty_low":null,"uncertainty_high":null,"applicable":true,"drivers":[],"weather_through":"2026-10-04","model_version":"pnw-pilot-t1-calendar-e2c272b7acfa"}},{"type":"Feature","id":"441_-1230","geometry":{"type":"Polygon","coordinates":[[[-123.05,44.05],[-122.95,44.05],[-122.95,44.15],[-123.05,44.15],[-123.05,44.05]]]},"properties":{"group":"cantharellus","week":"2026-10-05","chance":0.0209,"uncertainty_low":null,"uncertainty_high":null,"applicable":true,"drivers":[],"weather_through":"2026-10-04","model_version":"pnw-pilot-t1-calendar-e2c272b7acfa"}},{"type":"Feature","id":"442_-1241","geometry":{"type":"Polygon","coordinates":[[[-124.15,44.15],[-124.05,44.15],[-124.05,44.25],[-124.15,44.25],[-124.15,44.15]]]},"properties":{"group":"cantharellus","week":"2026-10-05","chance":0.0677,"uncertainty_low":null,"uncertainty_high":null,"applicable":true,"drivers":[],"weather_through":"2026-10-04","model_version":"pnw-pilot-t1-calendar-e2c272b7acfa"}},{"type":"Feature","id":"442_-1235","geometry":{"type":"Polygon","coordinates":[[[-123.55,44.15],[-123.45,44.15],[-123.45,44.25],[-123.55,44.25],[-123.55,44.15]]]},"properties":{"group":"cantharellus","week":"2026-10-05","chance":0.0659,"uncertainty_low":null,"uncertainty_high":null,"applicable":true,"drivers":[],"weather_through":"2026-10-04","model_version":"pnw-pilot-t1-calendar-e2c272b7acfa"}},{"type":"Feature","id":"442_-1230","geometry":{"type":"Polygon","coordinates":[[[-123.05,44.15],[-122.95,44.15],[-122.95,44.25],[-123.05,44.25],[-123.05,44.15]]]},"properties":{"group":"cantharellus","week":"2026-10-05","chance":0.0289,"uncertainty_low":null,"uncertainty_high":null,"applicable":true,"drivers":[],"weather_through":"2026-10-04","model_version":"pnw-pilot-t1-calendar-e2c272b7acfa"}},{"type":"Feature","id":"442_-1228","geometry":{"type":"Polygon","coordinates":[[[-122.85,44.15],[-122.75,44.15],[-122.75,44.25],[-122.85,44.25],[-122.85,44.15]]]},"properties":{"group":"cantharellus","week":"2026-10-05","chance":0.0329,"uncertainty_low":null,"uncertainty_high":null,"applicable":true,"drivers":[],"weather_through":"2026-10-04","model_version":"pnw-pilot-t1-calendar-e2c272b7acfa"}},{"type":"Feature","id":"442_-1223","geometry":{"type":"Polygon","coordinates":[[[-122.35,44.15],[-122.25,44.15],[-122.25,44.25],[-122.35,44.25],[-122.35,44.15]]]},"properties":{"group":"cantharellus","week":"2026-10-05","chance":0.0699,"uncertainty_low":null,"uncertainty_high":null,"applicable":true,"drivers":[],"weather_through":"2026-10-04","model_version":"pnw-pilot-t1-calendar-e2c272b7acfa"}},{"type":"Feature","id":"442_-1222","geometry":{"type":"Polygon","coordinates":[[[-122.25,44.15],[-122.15,44.15],[-122.15,44.25],[-122.25,44.25],[-122.25,44.15]]]},"properties":{"group":"cantharellus","week":"2026-10-05","chance":0.0699,"uncertainty_low":null,"uncertainty_high":null,"applicable":true,"drivers":[],"weather_through":"2026-10-04","model_version":"pnw-pilot-t1-calendar-e2c272b7acfa"}},{"type":"Feature","id":"442_-1221","geometry":{"type":"Polygon","coordinates":[[[-122.15,44.15],[-122.05,44.15],[-122.05,44.25],[-122.15,44.25],[-122.15,44.15]]]},"properties":{"group":"cantharellus","week":"2026-10-05","chance":0.0671,"uncertainty_low":null,"uncertainty_high":null,"applicable":true,"drivers":[],"weather_through":"2026-10-04","model_version":"pnw-pilot-t1-calendar-e2c272b7acfa"}},{"type":"Feature","id":"442_-1220","geometry":{"type":"Polygon","coordinates":[[[-122.05,44.15],[-121.95,44.15],[-121.95,44.25],[-122.05,44.25],[-122.05,44.15]]]},"properties":{"group":"cantharellus","week":"2026-10-05","chance":0.0765,"uncertainty_low":null,"uncertainty_high":null,"applicable":true,"drivers":[],"weather_through":"2026-10-04","model_version":"pnw-pilot-t1-calendar-e2c272b7acfa"}},{"type":"Feature","id":"442_-1219","geometry":{"type":"Polygon","coordinates":[[[-121.95,44.15],[-121.85,44.15],[-121.85,44.25],[-121.95,44.25],[-121.95,44.15]]]},"properties":{"group":"cantharellus","week":"2026-10-05","chance":0.0794,"uncertainty_low":null,"uncertainty_high":null,"applicable":true,"drivers":[],"weather_through":"2026-10-04","model_version":"pnw-pilot-t1-calendar-e2c272b7acfa"}},{"type":"Feature","id":"443_-1241","geometry":{"type":"Polygon","coordinates":[[[-124.15,44.25],[-124.05,44.25],[-124.05,44.35],[-124.15,44.35],[-124.15,44.25]]]},"properties":{"group":"cantharellus","week":"2026-10-05","chance":0.0894,"uncertainty_low":null,"uncertainty_high":null,"applicable":true,"drivers":[],"weather_through":"2026-10-04","model_version":"pnw-pilot-t1-calendar-e2c272b7acfa"}},{"type":"Feature","id":"443_-1237","geometry":{"type":"Polygon","coordinates":[[[-123.75,44.25],[-123.65,44.25],[-123.65,44.35],[-123.75,44.35],[-123.75,44.25]]]},"properties":{"group":"cantharellus","week":"2026-10-05","chance":0.0868,"uncertainty_low":null,"uncertainty_high":null,"applicable":true,"drivers":[],"weather_through":"2026-10-04","model_version":"pnw-pilot-t1-calendar-e2c272b7acfa"}},{"type":"Feature","id":"443_-1235","geometry":{"type":"Polygon","coordinates":[[[-123.55,44.25],[-123.45,44.25],[-123.45,44.35],[-123.55,44.35],[-123.55,44.25]]]},"properties":{"group":"cantharellus","week":"2026-10-05","chance":0.1013,"uncertainty_low":null,"uncertainty_high":null,"applicable":true,"drivers":[],"weather_through":"2026-10-04","model_version":"pnw-pilot-t1-calendar-e2c272b7acfa"}},{"type":"Feature","id":"443_-1220","geometry":{"type":"Polygon","coordinates":[[[-122.05,44.25],[-121.95,44.25],[-121.95,44.35],[-122.05,44.35],[-122.05,44.25]]]},"properties":{"group":"cantharellus","week":"2026-10-05","chance":0.1045,"uncertainty_low":null,"uncertainty_high":null,"applicable":true,"drivers":[],"weather_through":"2026-10-04","model_version":"pnw-pilot-t1-calendar-e2c272b7acfa"}},{"type":"Feature","id":"444_-1241","geometry":{"type":"Polygon","coordinates":[[[-124.15,44.35],[-124.05,44.35],[-124.05,44.45],[-124.15,44.45],[-124.15,44.35]]]},"properties":{"group":"cantharellus","week":"2026-10-05","chance":0.0894,"uncertainty_low":null,"uncertainty_high":null,"applicable":true,"drivers":[],"weather_through":"2026-10-04","model_version":"pnw-pilot-t1-calendar-e2c272b7acfa"}},{"type":"Feature","id":"444_-1238","geometry":{"type":"Polygon","coordinates":[[[-123.85,44.35],[-123.75,44.35],[-123.75,44.45],[-123.85,44.45],[-123.85,44.35]]]},"properties":{"group":"cantharellus","week":"2026-10-05","chance":0.0868,"uncertainty_low":null,"uncertainty_high":null,"applicable":true,"drivers":[],"weather_through":"2026-10-04","model_version":"pnw-pilot-t1-calendar-e2c272b7acfa"}},{"type":"Feature","id":"444_-1233","geometry":{"type":"Polygon","coordinates":[[[-123.35,44.35],[-123.25,44.35],[-123.25,44.45],[-123.35,44.45],[-123.35,44.35]]]},"properties":{"group":"cantharellus","week":"2026-10-05","chance":0.0357,"uncertainty_low":null,"uncertainty_high":null,"applicable":true,"drivers":[],"weather_through":"2026-10-04","model_version":"pnw-pilot-t1-calendar-e2c272b7acfa"}},{"type":"Feature","id":"444_-1224","geometry":{"type":"Polygon","coordinates":[[[-122.45,44.35],[-122.35,44.35],[-122.35,44.45],[-122.45,44.45],[-122.45,44.35]]]},"properties":{"group":"cantharellus","week":"2026-10-05","chance":0.0771,"uncertainty_low":null,"uncertainty_high":null,"applicable":true,"drivers":[],"weather_through":"2026-10-04","model_version":"pnw-pilot-t1-calendar-e2c272b7acfa"}},{"type":"Feature","id":"444_-1223","geometry":{"type":"Polygon","coordinates":[[[-122.35,44.35],[-122.25,44.35],[-122.25,44.45],[-122.35,44.45],[-122.35,44.35]]]},"properties":{"group":"cantharellus","week":"2026-10-05","chance":0.0923,"uncertainty_low":null,"uncertainty_high":null,"applicable":true,"drivers":[],"weather_through":"2026-10-04","model_version":"pnw-pilot-t1-calendar-e2c272b7acfa"}},{"type":"Feature","id":"444_-1222","geometry":{"type":"Polygon","coordinates":[[[-122.25,44.35],[-122.15,44.35],[-122.15,44.45],[-122.25,44.45],[-122.25,44.35]]]},"properties":{"group":"cantharellus","week":"2026-10-05","chance":0.0923,"uncertainty_low":null,"uncertainty_high":null,"applicable":true,"drivers":[],"weather_through":"2026-10-04","model_version":"pnw-pilot-t1-calendar-e2c272b7acfa"}},{"type":"Feature","id":"444_-1221","geometry":{"type":"Polygon","coordinates":[[[-122.15,44.35],[-122.05,44.35],[-122.05,44.45],[-122.15,44.45],[-122.15,44.35]]]},"properties":{"group":"cantharellus","week":"2026-10-05","chance":0.0994,"uncertainty_low":null,"uncertainty_high":null,"applicable":true,"drivers":[],"weather_through":"2026-10-04","model_version":"pnw-pilot-t1-calendar-e2c272b7acfa"}},{"type":"Feature","id":"444_-1220","geometry":{"type":"Polygon","coordinates":[[[-122.05,44.35],[-121.95,44.35],[-121.95,44.45],[-122.05,44.45],[-122.05,44.35]]]},"properties":{"group":"cantharellus","week":"2026-10-05","chance":0.1128,"uncertainty_low":null,"uncertainty_high":null,"applicable":true,"drivers":[],"weather_through":"2026-10-04","model_version":"pnw-pilot-t1-calendar-e2c272b7acfa"}},{"type":"Feature","id":"444_-1217","geometry":{"type":"Polygon","coordinates":[[[-121.75,44.35],[-121.65,44.35],[-121.65,44.45],[-121.75,44.45],[-121.75,44.35]]]},"properties":{"group":"cantharellus","week":"2026-10-05","chance":0.0795,"uncertainty_low":null,"uncertainty_high":null,"applicable":true,"drivers":[],"weather_through":"2026-10-04","model_version":"pnw-pilot-t1-calendar-e2c272b7acfa"}},{"type":"Feature","id":"445_-1241","geometry":{"type":"Polygon","coordinates":[[[-124.15,44.45],[-124.05,44.45],[-124.05,44.55],[-124.15,44.55],[-124.15,44.45]]]},"properties":{"group":"cantharellus","week":"2026-10-05","chance":0.0894,"uncertainty_low":null,"uncertainty_high":null,"applicable":true,"drivers":[],"weather_through":"2026-10-04","model_version":"pnw-pilot-t1-calendar-e2c272b7acfa"}},{"type":"Feature","id":"445_-1240","geometry":{"type":"Polygon","coordinates":[[[-124.05,44.45],[-123.95,44.45],[-123.95,44.55],[-124.05,44.55],[-124.05,44.45]]]},"properties":{"group":"cantharellus","week":"2026-10-05","chance":0.0827,"uncertainty_low":null,"uncertainty_high":null,"applicable":true,"drivers":[],"weather_through":"2026-10-04","model_version":"pnw-pilot-t1-calendar-e2c272b7acfa"}},{"type":"Feature","id":"445_-1236","geometry":{"type":"Polygon","coordinates":[[[-123.65,44.45],[-123.55,44.45],[-123.55,44.55],[-123.65,44.55],[-123.65,44.45]]]},"properties":{"group":"cantharellus","week":"2026-10-05","chance":0.0868,"uncertainty_low":null,"uncertainty_high":null,"applicable":true,"drivers":[],"weather_through":"2026-10-04","model_version":"pnw-pilot-t1-calendar-e2c272b7acfa"}},{"type":"Feature","id":"445_-1235","geometry":{"type":"Polygon","coordinates":[[[-123.55,44.45],[-123.45,44.45],[-123.45,44.55],[-123.55,44.55],[-123.55,44.45]]]},"properties":{"group":"cantharellus","week":"2026-10-05","chance":0.1013,"uncertainty_low":null,"uncertainty_high":null,"applicable":true,"drivers":[],"weather_through":"2026-10-04","model_version":"pnw-pilot-t1-calendar-e2c272b7acfa"}},{"type":"Feature","id":"445_-1234","geometry":{"type":"Polygon","coordinates":[[[-123.45,44.45],[-123.35,44.45],[-123.35,44.55],[-123.45,44.55],[-123.45,44.45]]]},"properties":{"group":"cantharellus","week":"2026-10-05","chance":0.056,"uncertainty_low":null,"uncertainty_high":null,"applicable":true,"drivers":[],"weather_through":"2026-10-04","model_version":"pnw-pilot-t1-calendar-e2c272b7acfa"}},{"type":"Feature","id":"445_-1233","geometry":{"type":"Polygon","coordinates":[[[-123.35,44.45],[-123.25,44.45],[-123.25,44.55],[-123.35,44.55],[-123.35,44.45]]]},"properties":{"group":"cantharellus","week":"2026-10-05","chance":0.0357,"uncertainty_low":null,"uncertainty_high":null,"applicable":true,"drivers":[],"weather_through":"2026-10-04","model_version":"pnw-pilot-t1-calendar-e2c272b7acfa"}},{"type":"Feature","id":"445_-1220","geometry":{"type":"Polygon","coordinates":[[[-122.05,44.45],[-121.95,44.45],[-121.95,44.55],[-122.05,44.55],[-122.05,44.45]]]},"properties":{"group":"cantharellus","week":"2026-10-05","chance":0.1128,"uncertainty_low":null,"uncertainty_high":null,"applicable":true,"drivers":[],"weather_through":"2026-10-04","model_version":"pnw-pilot-t1-calendar-e2c272b7acfa"}},{"type":"Feature","id":"446_-1241","geometry":{"type":"Polygon","coordinates":[[[-124.15,44.55],[-124.05,44.55],[-124.05,44.65],[-124.15,44.65],[-124.15,44.55]]]},"properties":{"group":"cantharellus","week":"2026-10-05","chance":0.0505,"uncertainty_low":null,"uncertainty_high":null,"applicable":true,"drivers":[],"weather_through":"2026-10-04","model_version":"pnw-pilot-t1-calendar-e2c272b7acfa"}},{"type":"Feature","id":"446_-1240","geometry":{"type":"Polygon","coordinates":[[[-124.05,44.55],[-123.95,44.55],[-123.95,44.65],[-124.05,44.65],[-124.05,44.55]]]},"properties":{"group":"cantharellus","week":"2026-10-05","chance":0.0466,"uncertainty_low":null,"uncertainty_high":null,"applicable":true,"drivers":[],"weather_through":"2026-10-04","model_version":"pnw-pilot-t1-calendar-e2c272b7acfa"}},{"type":"Feature","id":"446_-1236","geometry":{"type":"Polygon","coordinates":[[[-123.65,44.55],[-123.55,44.55],[-123.55,44.65],[-123.65,44.65],[-123.65,44.55]]]},"properties":{"group":"cantharellus","week":"2026-10-05","chance":0.0508,"uncertainty_low":null,"uncertainty_high":null,"applicable":true,"drivers":[],"weather_through":"2026-10-04","model_version":"pnw-pilot-t1-calendar-e2c272b7acfa"}},{"type":"Feature","id":"446_-1234","geometry":{"type":"Polygon","coordinates":[[[-123.45,44.55],[-123.35,44.55],[-123.35,44.65],[-123.45,44.65],[-123.45,44.55]]]},"properties":{"group":"cantharellus","week":"2026-10-05","chance":0.0362,"uncertainty_low":null,"uncertainty_high":null,"applicable":true,"drivers":[],"weather_through":"2026-10-04","model_version":"pnw-pilot-t1-calendar-e2c272b7acfa"}},{"type":"Feature","id":"446_-1233","geometry":{"type":"Polygon","coordinates":[[[-123.35,44.55],[-123.25,44.55],[-123.25,44.65],[-123.35,44.65],[-123.35,44.55]]]},"properties":{"group":"cantharellus","week":"2026-10-05","chance":0.0232,"uncertainty_low":null,"uncertainty_high":null,"applicable":true,"drivers":[],"weather_through":"2026-10-04","model_version":"pnw-pilot-t1-calendar-e2c272b7acfa"}},{"type":"Feature","id":"446_-1232","geometry":{"type":"Polygon","coordinates":[[[-123.25,44.55],[-123.15,44.55],[-123.15,44.65],[-123.25,44.65],[-123.25,44.55]]]},"properties":{"group":"cantharellus","week":"2026-10-05","chance":0.0168,"uncertainty_low":null,"uncertainty_high":null,"applicable":true,"drivers":[],"weather_through":"2026-10-04","model_version":"pnw-pilot-t1-calendar-e2c272b7acfa"}},{"type":"Feature","id":"446_-1231","geometry":{"type":"Polygon","coordinates":[[[-123.15,44.55],[-123.05,44.55],[-123.05,44.65],[-123.15,44.65],[-123.15,44.55]]]},"properties":{"group":"cantharellus","week":"2026-10-05","chance":0.0168,"uncertainty_low":null,"uncertainty_high":null,"applicable":true,"drivers":[],"weather_through":"2026-10-04","model_version":"pnw-pilot-t1-calendar-e2c272b7acfa"}},{"type":"Feature","id":"447_-1241","geometry":{"type":"Polygon","coordinates":[[[-124.15,44.65],[-124.05,44.65],[-124.05,44.75],[-124.15,44.75],[-124.15,44.65]]]},"properties":{"group":"cantharellus","week":"2026-10-05","chance":0.0474,"uncertainty_low":null,"uncertainty_high":null,"applicable":true,"drivers":[],"weather_through":"2026-10-04","model_version":"pnw-pilot-t1-calendar-e2c272b7acfa"}},{"type":"Feature","id":"447_-1235","geometry":{"type":"Polygon","coordinates":[[[-123.55,44.65],[-123.45,44.65],[-123.45,44.75],[-123.55,44.75],[-123.55,44.65]]]},"properties":{"group":"cantharellus","week":"2026-10-05","chance":0.0502,"uncertainty_low":null,"uncertainty_high":null,"applicable":true,"drivers":[],"weather_through":"2026-10-04","model_version":"pnw-pilot-t1-calendar-e2c272b7acfa"}},{"type":"Feature","id":"447_-1234","geometry":{"type":"Polygon","coordinates":[[[-123.45,44.65],[-123.35,44.65],[-123.35,44.75],[-123.45,44.75],[-123.45,44.65]]]},"properties":{"group":"cantharellus","week":"2026-10-05","chance":0.028,"uncertainty_low":null,"uncertainty_high":null,"applicable":true,"drivers":[],"weather_through":"2026-10-04","model_version":"pnw-pilot-t1-calendar-e2c272b7acfa"}},{"type":"Feature","id":"447_-1233","geometry":{"type":"Polygon","coordinates":[[[-123.35,44.65],[-123.25,44.65],[-123.25,44.75],[-123.35,44.75],[-123.35,44.65]]]},"properties":{"group":"cantharellus","week":"2026-10-05","chance":0.0179,"uncertainty_low":null,"uncertainty_high":null,"applicable":true,"drivers":[],"weather_through":"2026-10-04","model_version":"pnw-pilot-t1-calendar-e2c272b7acfa"}},{"type":"Feature","id":"447_-1232","geometry":{"type":"Polygon","coordinates":[[[-123.25,44.65],[-123.15,44.65],[-123.15,44.75],[-123.25,44.75],[-123.25,44.65]]]},"properties":{"group":"cantharellus","week":"2026-10-05","chance":0.0129,"uncertainty_low":null,"uncertainty_high":null,"applicable":true,"drivers":[],"weather_through":"2026-10-04","model_version":"pnw-pilot-t1-calendar-e2c272b7acfa"}},{"type":"Feature","id":"448_-1241","geometry":{"type":"Polygon","coordinates":[[[-124.15,44.75],[-124.05,44.75],[-124.05,44.85],[-124.15,44.85],[-124.15,44.75]]]},"properties":{"group":"cantharellus","week":"2026-10-05","chance":0.0474,"uncertainty_low":null,"uncertainty_high":null,"applicable":true,"drivers":[],"weather_through":"2026-10-04","model_version":"pnw-pilot-t1-calendar-e2c272b7acfa"}},{"type":"Feature","id":"448_-1240","geometry":{"type":"Polygon","coordinates":[[[-124.05,44.75],[-123.95,44.75],[-123.95,44.85],[-124.05,44.85],[-124.05,44.75]]]},"properties":{"group":"cantharellus","week":"2026-10-05","chance":0.0413,"uncertainty_low":null,"uncertainty_high":null,"applicable":true,"drivers":[],"weather_through":"2026-10-04","model_version":"pnw-pilot-t1-calendar-e2c272b7acfa"}},{"type":"Feature","id":"448_-1226","geometry":{"type":"Polygon","coordinates":[[[-122.65,44.75],[-122.55,44.75],[-122.55,44.85],[-122.65,44.85],[-122.65,44.75]]]},"properties":{"group":"cantharellus","week":"2026-10-05","chance":0.0304,"uncertainty_low":null,"uncertainty_high":null,"applicable":true,"drivers":[],"weather_through":"2026-10-04","model_version":"pnw-pilot-t1-calendar-e2c272b7acfa"}},{"type":"Feature","id":"449_-1240","geometry":{"type":"Polygon","coordinates":[[[-124.05,44.85],[-123.95,44.85],[-123.95,44.95],[-124.05,44.95],[-124.05,44.85]]]},"properties":{"group":"cantharellus","week":"2026-10-05","chance":0.0413,"uncertainty_low":null,"uncertainty_high":null,"applicable":true,"drivers":[],"weather_through":"2026-10-04","model_version":"pnw-pilot-t1-calendar-e2c272b7acfa"}},{"type":"Feature","id":"449_-1231","geometry":{"type":"Polygon","coordinates":[[[-123.15,44.85],[-123.05,44.85],[-123.05,44.95],[-123.15,44.95],[-123.15,44.85]]]},"properties":{"group":"cantharellus","week":"2026-10-05","chance":0.0129,"uncertainty_low":null,"uncertainty_high":null,"applicable":true,"drivers":[],"weather_through":"2026-10-04","model_version":"pnw-pilot-t1-calendar-e2c272b7acfa"}},{"type":"Feature","id":"449_-1230","geometry":{"type":"Polygon","coordinates":[[[-123.05,44.85],[-122.95,44.85],[-122.95,44.95],[-123.05,44.95],[-123.05,44.85]]]},"properties":{"group":"cantharellus","week":"2026-10-05","chance":0.0145,"uncertainty_low":null,"uncertainty_high":null,"applicable":true,"drivers":[],"weather_through":"2026-10-04","model_version":"pnw-pilot-t1-calendar-e2c272b7acfa"}},{"type":"Feature","id":"449_-1227","geometry":{"type":"Polygon","coordinates":[[[-122.75,44.85],[-122.65,44.85],[-122.65,44.95],[-122.75,44.95],[-122.75,44.85]]]},"properties":{"group":"cantharellus","week":"2026-10-05","chance":0.0275,"uncertainty_low":null,"uncertainty_high":null,"applicable":true,"drivers":[],"weather_through":"2026-10-04","model_version":"pnw-pilot-t1-calendar-e2c272b7acfa"}},{"type":"Feature","id":"449_-1226","geometry":{"type":"Polygon","coordinates":[[[-122.65,44.85],[-122.55,44.85],[-122.55,44.95],[-122.65,44.95],[-122.65,44.85]]]},"properties":{"group":"cantharellus","week":"2026-10-05","chance":0.0304,"uncertainty_low":null,"uncertainty_high":null,"applicable":true,"drivers":[],"weather_through":"2026-10-04","model_version":"pnw-pilot-t1-calendar-e2c272b7acfa"}},{"type":"Feature","id":"450_-1240","geometry":{"type":"Polygon","coordinates":[[[-124.05,44.95],[-123.95,44.95],[-123.95,45.05],[-124.05,45.05],[-124.05,44.95]]]},"properties":{"group":"cantharellus","week":"2026-10-05","chance":0.0413,"uncertainty_low":null,"uncertainty_high":null,"applicable":true,"drivers":[],"weather_through":"2026-10-04","model_version":"pnw-pilot-t1-calendar-e2c272b7acfa"}},{"type":"Feature","id":"450_-1231","geometry":{"type":"Polygon","coordinates":[[[-123.15,44.95],[-123.05,44.95],[-123.05,45.05],[-123.15,45.05],[-123.15,44.95]]]},"properties":{"group":"cantharellus","week":"2026-10-05","chance":0.0129,"uncertainty_low":null,"uncertainty_high":null,"applicable":true,"drivers":[],"weather_through":"2026-10-04","model_version":"pnw-pilot-t1-calendar-e2c272b7acfa"}},{"type":"Feature","id":"450_-1230","geometry":{"type":"Polygon","coordinates":[[[-123.05,44.95],[-122.95,44.95],[-122.95,45.05],[-123.05,45.05],[-123.05,44.95]]]},"properties":{"group":"cantharellus","week":"2026-10-05","chance":0.0145,"uncertainty_low":null,"uncertainty_high":null,"applicable":true,"drivers":[],"weather_through":"2026-10-04","model_version":"pnw-pilot-t1-calendar-e2c272b7acfa"}},{"type":"Feature","id":"451_-1240","geometry":{"type":"Polygon","coordinates":[[[-124.05,45.05],[-123.95,45.05],[-123.95,45.15],[-124.05,45.15],[-124.05,45.05]]]},"properties":{"group":"cantharellus","week":"2026-10-05","chance":0.0413,"uncertainty_low":null,"uncertainty_high":null,"applicable":true,"drivers":[],"weather_through":"2026-10-04","model_version":"pnw-pilot-t1-calendar-e2c272b7acfa"}},{"type":"Feature","id":"452_-1224","geometry":{"type":"Polygon","coordinates":[[[-122.45,45.15],[-122.35,45.15],[-122.35,45.25],[-122.45,45.25],[-122.45,45.15]]]},"properties":{"group":"cantharellus","week":"2026-10-05","chance":0.0304,"uncertainty_low":null,"uncertainty_high":null,"applicable":true,"drivers":[],"weather_through":"2026-10-04","model_version":"pnw-pilot-t1-calendar-e2c272b7acfa"}},{"type":"Feature","id":"452_-1221","geometry":{"type":"Polygon","coordinates":[[[-122.15,45.15],[-122.05,45.15],[-122.05,45.25],[-122.15,45.25],[-122.15,45.15]]]},"properties":{"group":"cantharellus","week":"2026-10-05","chance":0.0659,"uncertainty_low":null,"uncertainty_high":null,"applicable":true,"drivers":[],"weather_through":"2026-10-04","model_version":"pnw-pilot-t1-calendar-e2c272b7acfa"}},{"type":"Feature","id":"453_-1240","geometry":{"type":"Polygon","coordinates":[[[-124.05,45.25],[-123.95,45.25],[-123.95,45.35],[-124.05,45.35],[-124.05,45.25]]]},"properties":{"group":"cantharellus","week":"2026-10-05","chance":0.0414,"uncertainty_low":null,"uncertainty_high":null,"applicable":true,"drivers":[],"weather_through":"2026-10-04","model_version":"pnw-pilot-t1-calendar-e2c272b7acfa"}},{"type":"Feature","id":"453_-1228","geometry":{"type":"Polygon","coordinates":[[[-122.85,45.25],[-122.75,45.25],[-122.75,45.35],[-122.85,45.35],[-122.85,45.25]]]},"properties":{"group":"cantharellus","week":"2026-10-05","chance":0.0133,"uncertainty_low":null,"uncertainty_high":null,"applicable":true,"drivers":[],"weather_through":"2026-10-04","model_version":"pnw-pilot-t1-calendar-e2c272b7acfa"}},{"type":"Feature","id":"453_-1226","geometry":{"type":"Polygon","coordinates":[[[-122.65,45.25],[-122.55,45.25],[-122.55,45.35],[-122.65,45.35],[-122.65,45.25]]]},"properties":{"group":"cantharellus","week":"2026-10-05","chance":0.0152,"uncertainty_low":null,"uncertainty_high":null,"applicable":true,"drivers":[],"weather_through":"2026-10-04","model_version":"pnw-pilot-t1-calendar-e2c272b7acfa"}},{"type":"Feature","id":"453_-1224","geometry":{"type":"Polygon","coordinates":[[[-122.45,45.25],[-122.35,45.25],[-122.35,45.35],[-122.45,45.35],[-122.45,45.25]]]},"properties":{"group":"cantharellus","week":"2026-10-05","chance":0.0152,"uncertainty_low":null,"uncertainty_high":null,"applicable":true,"drivers":[],"weather_through":"2026-10-04","model_version":"pnw-pilot-t1-calendar-e2c272b7acfa"}},{"type":"Feature","id":"453_-1223","geometry":{"type":"Polygon","coordinates":[[[-122.35,45.25],[-122.25,45.25],[-122.25,45.35],[-122.35,45.35],[-122.35,45.25]]]},"properties":{"group":"cantharellus","week":"2026-10-05","chance":0.0262,"uncertainty_low":null,"uncertainty_high":null,"applicable":true,"drivers":[],"weather_through":"2026-10-04","model_version":"pnw-pilot-t1-calendar-e2c272b7acfa"}},{"type":"Feature","id":"453_-1222","geometry":{"type":"Polygon","coordinates":[[[-122.25,45.25],[-122.15,45.25],[-122.15,45.35],[-122.25,45.35],[-122.25,45.25]]]},"properties":{"group":"cantharellus","week":"2026-10-05","chance":0.032,"uncertainty_low":null,"uncertainty_high":null,"applicable":true,"drivers":[],"weather_through":"2026-10-04","model_version":"pnw-pilot-t1-calendar-e2c272b7acfa"}},{"type":"Feature","id":"453_-1220","geometry":{"type":"Polygon","coordinates":[[[-122.05,45.25],[-121.95,45.25],[-121.95,45.35],[-122.05,45.35],[-122.05,45.25]]]},"properties":{"group":"cantharellus","week":"2026-10-05","chance":0.0384,"uncertainty_low":null,"uncertainty_high":null,"applicable":true,"drivers":[],"weather_through":"2026-10-04","model_version":"pnw-pilot-t1-calendar-e2c272b7acfa"}},{"type":"Feature","id":"453_-1219","geometry":{"type":"Polygon","coordinates":[[[-121.95,45.25],[-121.85,45.25],[-121.85,45.35],[-121.95,45.35],[-121.95,45.25]]]},"properties":{"group":"cantharellus","week":"2026-10-05","chance":0.0398,"uncertainty_low":null,"uncertainty_high":null,"applicable":true,"drivers":[],"weather_through":"2026-10-04","model_version":"pnw-pilot-t1-calendar-e2c272b7acfa"}},{"type":"Feature","id":"453_-1218","geometry":{"type":"Polygon","coordinates":[[[-121.85,45.25],[-121.75,45.25],[-121.75,45.35],[-121.85,45.35],[-121.85,45.25]]]},"properties":{"group":"cantharellus","week":"2026-10-05","chance":0.0271,"uncertainty_low":null,"uncertainty_high":null,"applicable":true,"drivers":[],"weather_through":"2026-10-04","model_version":"pnw-pilot-t1-calendar-e2c272b7acfa"}},{"type":"Feature","id":"453_-1217","geometry":{"type":"Polygon","coordinates":[[[-121.75,45.25],[-121.65,45.25],[-121.65,45.35],[-121.75,45.35],[-121.75,45.25]]]},"properties":{"group":"cantharellus","week":"2026-10-05","chance":0.0271,"uncertainty_low":null,"uncertainty_high":null,"applicable":true,"drivers":[],"weather_through":"2026-10-04","model_version":"pnw-pilot-t1-calendar-e2c272b7acfa"}},{"type":"Feature","id":"453_-1216","geometry":{"type":"Polygon","coordinates":[[[-121.65,45.25],[-121.55,45.25],[-121.55,45.35],[-121.65,45.35],[-121.65,45.25]]]},"properties":{"group":"cantharellus","week":"2026-10-05","chance":0.0309,"uncertainty_low":null,"uncertainty_high":null,"applicable":true,"drivers":[],"weather_through":"2026-10-04","model_version":"pnw-pilot-t1-calendar-e2c272b7acfa"}},{"type":"Feature","id":"454_-1231","geometry":{"type":"Polygon","coordinates":[[[-123.15,45.35],[-123.05,45.35],[-123.05,45.45],[-123.15,45.45],[-123.15,45.35]]]},"properties":{"group":"cantharellus","week":"2026-10-05","chance":0.0124,"uncertainty_low":null,"uncertainty_high":null,"applicable":true,"drivers":[],"weather_through":"2026-10-04","model_version":"pnw-pilot-t1-calendar-e2c272b7acfa"}},{"type":"Feature","id":"454_-1229","geometry":{"type":"Polygon","coordinates":[[[-122.95,45.35],[-122.85,45.35],[-122.85,45.45],[-122.95,45.45],[-122.95,45.35]]]},"properties":{"group":"cantharellus","week":"2026-10-05","chance":0.0135,"uncertainty_low":null,"uncertainty_high":null,"applicable":true,"drivers":[],"weather_through":"2026-10-04","model_version":"pnw-pilot-t1-calendar-e2c272b7acfa"}},{"type":"Feature","id":"454_-1228","geometry":{"type":"Polygon","coordinates":[[[-122.85,45.35],[-122.75,45.35],[-122.75,45.45],[-122.85,45.45],[-122.85,45.35]]]},"properties":{"group":"cantharellus","week":"2026-10-05","chance":0.0132,"uncertainty_low":null,"uncertainty_high":null,"applicable":true,"drivers":[],"weather_through":"2026-10-04","model_version":"pnw-pilot-t1-calendar-e2c272b7acfa"}},{"type":"Feature","id":"454_-1227","geometry":{"type":"Polygon","coordinates":[[[-122.75,45.35],[-122.65,45.35],[-122.65,45.45],[-122.75,45.45],[-122.75,45.35]]]},"properties":{"group":"cantharellus","week":"2026-10-05","chance":0.0147,"uncertainty_low":null,"uncertainty_high":null,"applicable":true,"drivers":[],"weather_through":"2026-10-04","model_version":"pnw-pilot-t1-calendar-e2c272b7acfa"}},{"type":"Feature","id":"454_-1226","geometry":{"type":"Polygon","coordinates":[[[-122.65,45.35],[-122.55,45.35],[-122.55,45.45],[-122.65,45.45],[-122.65,45.35]]]},"properties":{"group":"cantharellus","week":"2026-10-05","chance":0.015,"uncertainty_low":null,"uncertainty_high":null,"applicable":true,"drivers":[],"weather_through":"2026-10-04","model_version":"pnw-pilot-t1-calendar-e2c272b7acfa"}},{"type":"Feature","id":"454_-1225","geometry":{"type":"Polygon","coordinates":[[[-122.55,45.35],[-122.45,45.35],[-122.45,45.45],[-122.55,45.45],[-122.55,45.35]]]},"properties":{"group":"cantharellus","week":"2026-10-05","chance":0.015,"uncertainty_low":null,"uncertainty_high":null,"applicable":true,"drivers":[],"weather_through":"2026-10-04","model_version":"pnw-pilot-t1-calendar-e2c272b7acfa"}},{"type":"Feature","id":"454_-1220","geometry":{"type":"Polygon","coordinates":[[[-122.05,45.35],[-121.95,45.35],[-121.95,45.45],[-122.05,45.45],[-122.05,45.35]]]},"properties":{"group":"cantharellus","week":"2026-10-05","chance":0.0384,"uncertainty_low":null,"uncertainty_high":null,"applicable":true,"drivers":[],"weather_through":"2026-10-04","model_version":"pnw-pilot-t1-calendar-e2c272b7acfa"}},{"type":"Feature","id":"454_-1219","geometry":{"type":"Polygon","coordinates":[[[-121.95,45.35],[-121.85,45.35],[-121.85,45.45],[-121.95,45.45],[-121.95,45.35]]]},"properties":{"group":"cantharellus","week":"2026-10-05","chance":0.0398,"uncertainty_low":null,"uncertainty_high":null,"applicable":true,"drivers":[],"weather_through":"2026-10-04","model_version":"pnw-pilot-t1-calendar-e2c272b7acfa"}},{"type":"Feature","id":"454_-1218","geometry":{"type":"Polygon","coordinates":[[[-121.85,45.35],[-121.75,45.35],[-121.75,45.45],[-121.85,45.45],[-121.85,45.35]]]},"properties":{"group":"cantharellus","week":"2026-10-05","chance":0.0271,"uncertainty_low":null,"uncertainty_high":null,"applicable":true,"drivers":[],"weather_through":"2026-10-04","model_version":"pnw-pilot-t1-calendar-e2c272b7acfa"}},{"type":"Feature","id":"454_-1215","geometry":{"type":"Polygon","coordinates":[[[-121.55,45.35],[-121.45,45.35],[-121.45,45.45],[-121.55,45.45],[-121.55,45.35]]]},"properties":{"group":"cantharellus","week":"2026-10-05","chance":0.0157,"uncertainty_low":null,"uncertainty_high":null,"applicable":true,"drivers":[],"weather_through":"2026-10-04","model_version":"pnw-pilot-t1-calendar-e2c272b7acfa"}},{"type":"Feature","id":"455_-1240","geometry":{"type":"Polygon","coordinates":[[[-124.05,45.45],[-123.95,45.45],[-123.95,45.55],[-124.05,45.55],[-124.05,45.45]]]},"properties":{"group":"cantharellus","week":"2026-10-05","chance":0.0419,"uncertainty_low":null,"uncertainty_high":null,"applicable":true,"drivers":[],"weather_through":"2026-10-04","model_version":"pnw-pilot-t1-calendar-e2c272b7acfa"}},{"type":"Feature","id":"455_-1232","geometry":{"type":"Polygon","coordinates":[[[-123.25,45.45],[-123.15,45.45],[-123.15,45.55],[-123.25,45.55],[-123.25,45.45]]]},"properties":{"group":"cantharellus","week":"2026-10-05","chance":0.0126,"uncertainty_low":null,"uncertainty_high":null,"applicable":true,"drivers":[],"weather_through":"2026-10-04","model_version":"pnw-pilot-t1-calendar-e2c272b7acfa"}},{"type":"Feature","id":"455_-1231","geometry":{"type":"Polygon","coordinates":[[[-123.15,45.45],[-123.05,45.45],[-123.05,45.55],[-123.15,45.55],[-123.15,45.45]]]},"properties":{"group":"cantharellus","week":"2026-10-05","chance":0.0126,"uncertainty_low":null,"uncertainty_high":null,"applicable":true,"drivers":[],"weather_through":"2026-10-04","model_version":"pnw-pilot-t1-calendar-e2c272b7acfa"}},{"type":"Feature","id":"455_-1230","geometry":{"type":"Polygon","coordinates":[[[-123.05,45.45],[-122.95,45.45],[-122.95,45.55],[-123.05,45.55],[-123.05,45.45]]]},"properties":{"group":"cantharellus","week":"2026-10-05","chance":0.0136,"uncertainty_low":null,"uncertainty_high":null,"applicable":true,"drivers":[],"weather_through":"2026-10-04","model_version":"pnw-pilot-t1-calendar-e2c272b7acfa"}},{"type":"Feature","id":"455_-1229","geometry":{"type":"Polygon","coordinates":[[[-122.95,45.45],[-122.85,45.45],[-122.85,45.55],[-122.95,45.55],[-122.95,45.45]]]},"properties":{"group":"cantharellus","week":"2026-10-05","chance":0.0137,"uncertainty_low":null,"uncertainty_high":null,"applicable":true,"drivers":[],"weather_through":"2026-10-04","model_version":"pnw-pilot-t1-calendar-e2c272b7acfa"}},{"type":"Feature","id":"455_-1228","geometry":{"type":"Polygon","coordinates":[[[-122.85,45.45],[-122.75,45.45],[-122.75,45.55],[-122.85,45.55],[-122.85,45.45]]]},"properties":{"group":"cantharellus","week":"2026-10-05","chance":0.0134,"uncertainty_low":null,"uncertainty_high":null,"applicable":true,"drivers":[],"weather_through":"2026-10-04","model_version":"pnw-pilot-t1-calendar-e2c272b7acfa"}},{"type":"Feature","id":"455_-1227","geometry":{"type":"Polygon","coordinates":[[[-122.75,45.45],[-122.65,45.45],[-122.65,45.55],[-122.75,45.55],[-122.75,45.45]]]},"properties":{"group":"cantharellus","week":"2026-10-05","chance":0.0149,"uncertainty_low":null,"uncertainty_high":null,"applicable":true,"drivers":[],"weather_through":"2026-10-04","model_version":"pnw-pilot-t1-calendar-e2c272b7acfa"}},{"type":"Feature","id":"455_-1226","geometry":{"type":"Polygon","coordinates":[[[-122.65,45.45],[-122.55,45.45],[-122.55,45.55],[-122.65,45.55],[-122.65,45.45]]]},"properties":{"group":"cantharellus","week":"2026-10-05","chance":0.0152,"uncertainty_low":null,"uncertainty_high":null,"applicable":true,"drivers":[],"weather_through":"2026-10-04","model_version":"pnw-pilot-t1-calendar-e2c272b7acfa"}},{"type":"Feature","id":"455_-1225","geometry":{"type":"Polygon","coordinates":[[[-122.55,45.45],[-122.45,45.45],[-122.45,45.55],[-122.55,45.55],[-122.55,45.45]]]},"properties":{"group":"cantharellus","week":"2026-10-05","chance":0.0152,"uncertainty_low":null,"uncertainty_high":null,"applicable":true,"drivers":[],"weather_through":"2026-10-04","model_version":"pnw-pilot-t1-calendar-e2c272b7acfa"}},{"type":"Feature","id":"455_-1224","geometry":{"type":"Polygon","coordinates":[[[-122.45,45.45],[-122.35,45.45],[-122.35,45.55],[-122.45,45.55],[-122.45,45.45]]]},"properties":{"group":"cantharellus","week":"2026-10-05","chance":0.0152,"uncertainty_low":null,"uncertainty_high":null,"applicable":true,"drivers":[],"weather_through":"2026-10-04","model_version":"pnw-pilot-t1-calendar-e2c272b7acfa"}},{"type":"Feature","id":"455_-1223","geometry":{"type":"Polygon","coordinates":[[[-122.35,45.45],[-122.25,45.45],[-122.25,45.55],[-122.35,45.55],[-122.35,45.45]]]},"properties":{"group":"cantharellus","week":"2026-10-05","chance":0.0263,"uncertainty_low":null,"uncertainty_high":null,"applicable":true,"drivers":[],"weather_through":"2026-10-04","model_version":"pnw-pilot-t1-calendar-e2c272b7acfa"}},{"type":"Feature","id":"455_-1222","geometry":{"type":"Polygon","coordinates":[[[-122.25,45.45],[-122.15,45.45],[-122.15,45.55],[-122.25,45.55],[-122.25,45.45]]]},"properties":{"group":"cantharellus","week":"2026-10-05","chance":0.032,"uncertainty_low":null,"uncertainty_high":null,"applicable":true,"drivers":[],"weather_through":"2026-10-04","model_version":"pnw-pilot-t1-calendar-e2c272b7acfa"}},{"type":"Feature","id":"455_-1221","geometry":{"type":"Polygon","coordinates":[[[-122.15,45.45],[-122.05,45.45],[-122.05,45.55],[-122.15,45.55],[-122.15,45.45]]]},"properties":{"group":"cantharellus","week":"2026-10-05","chance":0.0365,"uncertainty_low":null,"uncertainty_high":null,"applicable":true,"drivers":[],"weather_through":"2026-10-04","model_version":"pnw-pilot-t1-calendar-e2c272b7acfa"}},{"type":"Feature","id":"456_-1240","geometry":{"type":"Polygon","coordinates":[[[-124.05,45.55],[-123.95,45.55],[-123.95,45.65],[-124.05,45.65],[-124.05,45.55]]]},"properties":{"group":"cantharellus","week":"2026-10-05","chance":0.0445,"uncertainty_low":null,"uncertainty_high":null,"applicable":true,"drivers":[],"weather_through":"2026-10-04","model_version":"pnw-pilot-t1-calendar-e2c272b7acfa"}},{"type":"Feature","id":"456_-1235","geometry":{"type":"Polygon","coordinates":[[[-123.55,45.55],[-123.45,45.55],[-123.45,45.65],[-123.55,45.65],[-123.55,45.55]]]},"properties":{"group":"cantharellus","week":"2026-10-05","chance":0.0554,"uncertainty_low":null,"uncertainty_high":null,"applicable":true,"drivers":[],"weather_through":"2026-10-04","model_version":"pnw-pilot-t1-calendar-e2c272b7acfa"}},{"type":"Feature","id":"456_-1234","geometry":{"type":"Polygon","coordinates":[[[-123.45,45.55],[-123.35,45.55],[-123.35,45.65],[-123.45,45.65],[-123.45,45.55]]]},"properties":{"group":"cantharellus","week":"2026-10-05","chance":0.0328,"uncertainty_low":null,"uncertainty_high":null,"applicable":true,"drivers":[],"weather_through":"2026-10-04","model_version":"pnw-pilot-t1-calendar-e2c272b7acfa"}},{"type":"Feature","id":"456_-1229","geometry":{"type":"Polygon","coordinates":[[[-122.95,45.55],[-122.85,45.55],[-122.85,45.65],[-122.95,45.65],[-122.95,45.55]]]},"properties":{"group":"cantharellus","week":"2026-10-05","chance":0.0136,"uncertainty_low":null,"uncertainty_high":null,"applicable":true,"drivers":[],"weather_through":"2026-10-04","model_version":"pnw-pilot-t1-calendar-e2c272b7acfa"}},{"type":"Feature","id":"456_-1228","geometry":{"type":"Polygon","coordinates":[[[-122.85,45.55],[-122.75,45.55],[-122.75,45.65],[-122.85,45.65],[-122.85,45.55]]]},"properties":{"group":"cantharellus","week":"2026-10-05","chance":0.0132,"uncertainty_low":null,"uncertainty_high":null,"applicable":true,"drivers":[],"weather_through":"2026-10-04","model_version":"pnw-pilot-t1-calendar-e2c272b7acfa"}},{"type":"Feature","id":"456_-1227","geometry":{"type":"Polygon","coordinates":[[[-122.75,45.55],[-122.65,45.55],[-122.65,45.65],[-122.75,45.65],[-122.75,45.55]]]},"properties":{"group":"cantharellus","week":"2026-10-05","chance":0.0137,"uncertainty_low":null,"uncertainty_high":null,"applicable":true,"drivers":[],"weather_through":"2026-10-04","model_version":"pnw-pilot-t1-calendar-e2c272b7acfa"}},{"type":"Feature","id":"456_-1226","geometry":{"type":"Polygon","coordinates":[[[-122.65,45.55],[-122.55,45.55],[-122.55,45.65],[-122.65,45.65],[-122.65,45.55]]]},"properties":{"group":"cantharellus","week":"2026-10-05","chance":0.014,"uncertainty_low":null,"uncertainty_high":null,"applicable":true,"drivers":[],"weather_through":"2026-10-04","model_version":"pnw-pilot-t1-calendar-e2c272b7acfa"}},{"type":"Feature","id":"456_-1225","geometry":{"type":"Polygon","coordinates":[[[-122.55,45.55],[-122.45,45.55],[-122.45,45.65],[-122.55,45.65],[-122.55,45.55]]]},"properties":{"group":"cantharellus","week":"2026-10-05","chance":0.0143,"uncertainty_low":null,"uncertainty_high":null,"applicable":true,"drivers":[],"weather_through":"2026-10-04","model_version":"pnw-pilot-t1-calendar-e2c272b7acfa"}},{"type":"Feature","id":"456_-1224","geometry":{"type":"Polygon","coordinates":[[[-122.45,45.55],[-122.35,45.55],[-122.35,45.65],[-122.45,45.65],[-122.45,45.55]]]},"properties":{"group":"cantharellus","week":"2026-10-05","chance":0.0143,"uncertainty_low":null,"uncertainty_high":null,"applicable":true,"drivers":[],"weather_through":"2026-10-04","model_version":"pnw-pilot-t1-calendar-e2c272b7acfa"}},{"type":"Feature","id":"456_-1222","geometry":{"type":"Polygon","coordinates":[[[-122.25,45.55],[-122.15,45.55],[-122.15,45.65],[-122.25,45.65],[-122.25,45.55]]]},"properties":{"group":"cantharellus","week":"2026-10-05","chance":0.0301,"uncertainty_low":null,"uncertainty_high":null,"applicable":true,"drivers":[],"weather_through":"2026-10-04","model_version":"pnw-pilot-t1-calendar-e2c272b7acfa"}},{"type":"Feature","id":"456_-1221","geometry":{"type":"Polygon","coordinates":[[[-122.15,45.55],[-122.05,45.55],[-122.05,45.65],[-122.15,45.65],[-122.15,45.55]]]},"properties":{"group":"cantharellus","week":"2026-10-05","chance":0.0343,"uncertainty_low":null,"uncertainty_high":null,"applicable":true,"drivers":[],"weather_through":"2026-10-04","model_version":"pnw-pilot-t1-calendar-e2c272b7acfa"}},{"type":"Feature","id":"456_-1220","geometry":{"type":"Polygon","coordinates":[[[-122.05,45.55],[-121.95,45.55],[-121.95,45.65],[-122.05,45.65],[-122.05,45.55]]]},"properties":{"group":"cantharellus","week":"2026-10-05","chance":0.0364,"uncertainty_low":null,"uncertainty_high":null,"applicable":true,"drivers":[],"weather_through":"2026-10-04","model_version":"pnw-pilot-t1-calendar-e2c272b7acfa"}},{"type":"Feature","id":"457_-1239","geometry":{"type":"Polygon","coordinates":[[[-123.95,45.65],[-123.85,45.65],[-123.85,45.75],[-123.95,45.75],[-123.95,45.65]]]},"properties":{"group":"cantharellus","week":"2026-10-05","chance":0.0454,"uncertainty_low":null,"uncertainty_high":null,"applicable":true,"drivers":[],"weather_through":"2026-10-04","model_version":"pnw-pilot-t1-calendar-e2c272b7acfa"}},{"type":"Feature","id":"457_-1233","geometry":{"type":"Polygon","coordinates":[[[-123.35,45.65],[-123.25,45.65],[-123.25,45.75],[-123.35,45.75],[-123.35,45.65]]]},"properties":{"group":"cantharellus","week":"2026-10-05","chance":0.0219,"uncertainty_low":null,"uncertainty_high":null,"applicable":true,"drivers":[],"weather_through":"2026-10-04","model_version":"pnw-pilot-t1-calendar-e2c272b7acfa"}},{"type":"Feature","id":"457_-1232","geometry":{"type":"Polygon","coordinates":[[[-123.25,45.65],[-123.15,45.65],[-123.15,45.75],[-123.25,45.75],[-123.25,45.65]]]},"properties":{"group":"cantharellus","week":"2026-10-05","chance":0.0149,"uncertainty_low":null,"uncertainty_high":null,"applicable":true,"drivers":[],"weather_through":"2026-10-04","model_version":"pnw-pilot-t1-calendar-e2c272b7acfa"}},{"type":"Feature","id":"457_-1229","geometry":{"type":"Polygon","coordinates":[[[-122.95,45.65],[-122.85,45.65],[-122.85,45.75],[-122.95,45.75],[-122.95,45.65]]]},"properties":{"group":"cantharellus","week":"2026-10-05","chance":0.0137,"uncertainty_low":null,"uncertainty_high":null,"applicable":true,"drivers":[],"weather_through":"2026-10-04","model_version":"pnw-pilot-t1-calendar-e2c272b7acfa"}},{"type":"Feature","id":"457_-1228","geometry":{"type":"Polygon","coordinates":[[[-122.85,45.65],[-122.75,45.65],[-122.75,45.75],[-122.85,45.75],[-122.85,45.65]]]},"properties":{"group":"cantharellus","week":"2026-10-05","chance":0.0133,"uncertainty_low":null,"uncertainty_high":null,"applicable":true,"drivers":[],"weather_through":"2026-10-04","model_version":"pnw-pilot-t1-calendar-e2c272b7acfa"}},{"type":"Feature","id":"457_-1227","geometry":{"type":"Polygon","coordinates":[[[-122.75,45.65],[-122.65,45.65],[-122.65,45.75],[-122.75,45.75],[-122.75,45.65]]]},"properties":{"group":"cantharellus","week":"2026-10-05","chance":0.0138,"uncertainty_low":null,"uncertainty_high":null,"applicable":true,"drivers":[],"weather_through":"2026-10-04","model_version":"pnw-pilot-t1-calendar-e2c272b7acfa"}},{"type":"Feature","id":"457_-1226","geometry":{"type":"Polygon","coordinates":[[[-122.65,45.65],[-122.55,45.65],[-122.55,45.75],[-122.65,45.75],[-122.65,45.65]]]},"properties":{"group":"cantharellus","week":"2026-10-05","chance":0.0142,"uncertainty_low":null,"uncertainty_high":null,"applicable":true,"drivers":[],"weather_through":"2026-10-04","model_version":"pnw-pilot-t1-calendar-e2c272b7acfa"}},{"type":"Feature","id":"457_-1219","geometry":{"type":"Polygon","coordinates":[[[-121.95,45.65],[-121.85,45.65],[-121.85,45.75],[-121.95,45.75],[-121.95,45.65]]]},"properties":{"group":"cantharellus","week":"2026-10-05","chance":0.0383,"uncertainty_low":null,"uncertainty_high":null,"applicable":true,"drivers":[],"weather_through":"2026-10-04","model_version":"pnw-pilot-t1-calendar-e2c272b7acfa"}},{"type":"Feature","id":"457_-1218","geometry":{"type":"Polygon","coordinates":[[[-121.85,45.65],[-121.75,45.65],[-121.75,45.75],[-121.85,45.75],[-121.85,45.65]]]},"properties":{"group":"cantharellus","week":"2026-10-05","chance":0.0261,"uncertainty_low":null,"uncertainty_high":null,"applicable":true,"drivers":[],"weather_through":"2026-10-04","model_version":"pnw-pilot-t1-calendar-e2c272b7acfa"}},{"type":"Feature","id":"457_-1217","geometry":{"type":"Polygon","coordinates":[[[-121.75,45.65],[-121.65,45.65],[-121.65,45.75],[-121.75,45.75],[-121.75,45.65]]]},"properties":{"group":"cantharellus","week":"2026-10-05","chance":0.0261,"uncertainty_low":null,"uncertainty_high":null,"applicable":true,"drivers":[],"weather_through":"2026-10-04","model_version":"pnw-pilot-t1-calendar-e2c272b7acfa"}},{"type":"Feature","id":"457_-1215","geometry":{"type":"Polygon","coordinates":[[[-121.55,45.65],[-121.45,45.65],[-121.45,45.75],[-121.55,45.75],[-121.55,45.65]]]},"properties":{"group":"cantharellus","week":"2026-10-05","chance":0.015,"uncertainty_low":null,"uncertainty_high":null,"applicable":true,"drivers":[],"weather_through":"2026-10-04","model_version":"pnw-pilot-t1-calendar-e2c272b7acfa"}},{"type":"Feature","id":"458_-1240","geometry":{"type":"Polygon","coordinates":[[[-124.05,45.75],[-123.95,45.75],[-123.95,45.85],[-124.05,45.85],[-124.05,45.75]]]},"properties":{"group":"cantharellus","week":"2026-10-05","chance":0.0426,"uncertainty_low":null,"uncertainty_high":null,"applicable":true,"drivers":[],"weather_through":"2026-10-04","model_version":"pnw-pilot-t1-calendar-e2c272b7acfa"}},{"type":"Feature","id":"458_-1235","geometry":{"type":"Polygon","coordinates":[[[-123.55,45.75],[-123.45,45.75],[-123.45,45.85],[-123.55,45.85],[-123.55,45.75]]]},"properties":{"group":"cantharellus","week":"2026-10-05","chance":0.0558,"uncertainty_low":null,"uncertainty_high":null,"applicable":true,"drivers":[],"weather_through":"2026-10-04","model_version":"pnw-pilot-t1-calendar-e2c272b7acfa"}},{"type":"Feature","id":"458_-1234","geometry":{"type":"Polygon","coordinates":[[[-123.45,45.75],[-123.35,45.75],[-123.35,45.85],[-123.45,45.85],[-123.45,45.75]]]},"properties":{"group":"cantharellus","week":"2026-10-05","chance":0.0517,"uncertainty_low":null,"uncertainty_high":null,"applicable":true,"drivers":[],"weather_through":"2026-10-04","model_version":"pnw-pilot-t1-calendar-e2c272b7acfa"}},{"type":"Feature","id":"458_-1228","geometry":{"type":"Polygon","coordinates":[[[-122.85,45.75],[-122.75,45.75],[-122.75,45.85],[-122.85,45.85],[-122.85,45.75]]]},"properties":{"group":"cantharellus","week":"2026-10-05","chance":0.0213,"uncertainty_low":null,"uncertainty_high":null,"applicable":true,"drivers":[],"weather_through":"2026-10-04","model_version":"pnw-pilot-t1-calendar-e2c272b7acfa"}},{"type":"Feature","id":"458_-1224","geometry":{"type":"Polygon","coordinates":[[[-122.45,45.75],[-122.35,45.75],[-122.35,45.85],[-122.45,45.85],[-122.45,45.75]]]},"properties":{"group":"cantharellus","week":"2026-10-05","chance":0.0239,"uncertainty_low":null,"uncertainty_high":null,"applicable":true,"drivers":[],"weather_through":"2026-10-04","model_version":"pnw-pilot-t1-calendar-e2c272b7acfa"}},{"type":"Feature","id":"458_-1219","geometry":{"type":"Polygon","coordinates":[[[-121.95,45.75],[-121.85,45.75],[-121.85,45.85],[-121.95,45.85],[-121.95,45.75]]]},"properties":{"group":"cantharellus","week":"2026-10-05","chance":0.0831,"uncertainty_low":null,"uncertainty_high":null,"applicable":true,"drivers":[],"weather_through":"2026-10-04","model_version":"pnw-pilot-t1-calendar-e2c272b7acfa"}},{"type":"Feature","id":"459_-1240","geometry":{"type":"Polygon","coordinates":[[[-124.05,45.85],[-123.95,45.85],[-123.95,45.95],[-124.05,45.95],[-124.05,45.85]]]},"properties":{"group":"cantharellus","week":"2026-10-05","chance":0.0426,"uncertainty_low":null,"uncertainty_high":null,"applicable":true,"drivers":[],"weather_through":"2026-10-04","model_version":"pnw-pilot-t1-calendar-e2c272b7acfa"}},{"type":"Feature","id":"459_-1220","geometry":{"type":"Polygon","coordinates":[[[-122.05,45.85],[-121.95,45.85],[-121.95,45.95],[-122.05,45.95],[-122.05,45.85]]]},"properties":{"group":"cantharellus","week":"2026-10-05","chance":0.0798,"uncertainty_low":null,"uncertainty_high":null,"applicable":true,"drivers":[],"weather_through":"2026-10-04","model_version":"pnw-pilot-t1-calendar-e2c272b7acfa"}},{"type":"Feature","id":"459_-1218","geometry":{"type":"Polygon","coordinates":[[[-121.85,45.85],[-121.75,45.85],[-121.75,45.95],[-121.85,45.95],[-121.85,45.85]]]},"properties":{"group":"cantharellus","week":"2026-10-05","chance":0.0575,"uncertainty_low":null,"uncertainty_high":null,"applicable":true,"drivers":[],"weather_through":"2026-10-04","model_version":"pnw-pilot-t1-calendar-e2c272b7acfa"}},{"type":"Feature","id":"460_-1218","geometry":{"type":"Polygon","coordinates":[[[-121.85,45.95],[-121.75,45.95],[-121.75,46.05],[-121.85,46.05],[-121.85,45.95]]]},"properties":{"group":"cantharellus","week":"2026-10-05","chance":0.0575,"uncertainty_low":null,"uncertainty_high":null,"applicable":true,"drivers":[],"weather_through":"2026-10-04","model_version":"pnw-pilot-t1-calendar-e2c272b7acfa"}},{"type":"Feature","id":"461_-1239","geometry":{"type":"Polygon","coordinates":[[[-123.95,46.05],[-123.85,46.05],[-123.85,46.15],[-123.95,46.15],[-123.95,46.05]]]},"properties":{"group":"cantharellus","week":"2026-10-05","chance":0.0307,"uncertainty_low":null,"uncertainty_high":null,"applicable":true,"drivers":[],"weather_through":"2026-10-04","model_version":"pnw-pilot-t1-calendar-e2c272b7acfa"}},{"type":"Feature","id":"461_-1222","geometry":{"type":"Polygon","coordinates":[[[-122.25,46.05],[-122.15,46.05],[-122.15,46.15],[-122.25,46.15],[-122.25,46.05]]]},"properties":{"group":"cantharellus","week":"2026-10-05","chance":0.0583,"uncertainty_low":null,"uncertainty_high":null,"applicable":true,"drivers":[],"weather_through":"2026-10-04","model_version":"pnw-pilot-t1-calendar-e2c272b7acfa"}},{"type":"Feature","id":"462_-1240","geometry":{"type":"Polygon","coordinates":[[[-124.05,46.15],[-123.95,46.15],[-123.95,46.25],[-124.05,46.25],[-124.05,46.15]]]},"properties":{"group":"cantharellus","week":"2026-10-05","chance":0.0301,"uncertainty_low":null,"uncertainty_high":null,"applicable":true,"drivers":[],"weather_through":"2026-10-04","model_version":"pnw-pilot-t1-calendar-e2c272b7acfa"}},{"type":"Feature","id":"463_-1241","geometry":{"type":"Polygon","coordinates":[[[-124.15,46.25],[-124.05,46.25],[-124.05,46.35],[-124.15,46.35],[-124.15,46.25]]]},"properties":{"group":"cantharellus","week":"2026-10-05","chance":0.0339,"uncertainty_low":null,"uncertainty_high":null,"applicable":true,"drivers":[],"weather_through":"2026-10-04","model_version":"pnw-pilot-t1-calendar-e2c272b7acfa"}},{"type":"Feature","id":"463_-1216","geometry":{"type":"Polygon","coordinates":[[[-121.65,46.25],[-121.55,46.25],[-121.55,46.35],[-121.65,46.35],[-121.65,46.25]]]},"properties":{"group":"cantharellus","week":"2026-10-05","chance":0.0791,"uncertainty_low":null,"uncertainty_high":null,"applicable":true,"drivers":[],"weather_through":"2026-10-04","model_version":"pnw-pilot-t1-calendar-e2c272b7acfa"}},{"type":"Feature","id":"464_-1241","geometry":{"type":"Polygon","coordinates":[[[-124.15,46.35],[-124.05,46.35],[-124.05,46.45],[-124.15,46.45],[-124.15,46.35]]]},"properties":{"group":"cantharellus","week":"2026-10-05","chance":0.0339,"uncertainty_low":null,"uncertainty_high":null,"applicable":true,"drivers":[],"weather_through":"2026-10-04","model_version":"pnw-pilot-t1-calendar-e2c272b7acfa"}},{"type":"Feature","id":"464_-1240","geometry":{"type":"Polygon","coordinates":[[[-124.05,46.35],[-123.95,46.35],[-123.95,46.45],[-124.05,46.45],[-124.05,46.35]]]},"properties":{"group":"cantharellus","week":"2026-10-05","chance":0.0295,"uncertainty_low":null,"uncertainty_high":null,"applicable":true,"drivers":[],"weather_through":"2026-10-04","model_version":"pnw-pilot-t1-calendar-e2c272b7acfa"}},{"type":"Feature","id":"464_-1239","geometry":{"type":"Polygon","coordinates":[[[-123.95,46.35],[-123.85,46.35],[-123.85,46.45],[-123.95,46.45],[-123.95,46.35]]]},"properties":{"group":"cantharellus","week":"2026-10-05","chance":0.0302,"uncertainty_low":null,"uncertainty_high":null,"applicable":true,"drivers":[],"weather_through":"2026-10-04","model_version":"pnw-pilot-t1-calendar-e2c272b7acfa"}},{"type":"Feature","id":"464_-1220","geometry":{"type":"Polygon","coordinates":[[[-122.05,46.35],[-121.95,46.35],[-121.95,46.45],[-122.05,46.45],[-122.05,46.35]]]},"properties":{"group":"cantharellus","week":"2026-10-05","chance":0.0741,"uncertainty_low":null,"uncertainty_high":null,"applicable":true,"drivers":[],"weather_through":"2026-10-04","model_version":"pnw-pilot-t1-calendar-e2c272b7acfa"}},{"type":"Feature","id":"464_-1219","geometry":{"type":"Polygon","coordinates":[[[-121.95,46.35],[-121.85,46.35],[-121.85,46.45],[-121.95,46.45],[-121.95,46.35]]]},"properties":{"group":"cantharellus","week":"2026-10-05","chance":0.0772,"uncertainty_low":null,"uncertainty_high":null,"applicable":true,"drivers":[],"weather_through":"2026-10-04","model_version":"pnw-pilot-t1-calendar-e2c272b7acfa"}},{"type":"Feature","id":"464_-1218","geometry":{"type":"Polygon","coordinates":[[[-121.85,46.35],[-121.75,46.35],[-121.75,46.45],[-121.85,46.45],[-121.85,46.35]]]},"properties":{"group":"cantharellus","week":"2026-10-05","chance":0.0679,"uncertainty_low":null,"uncertainty_high":null,"applicable":true,"drivers":[],"weather_through":"2026-10-04","model_version":"pnw-pilot-t1-calendar-e2c272b7acfa"}},{"type":"Feature","id":"465_-1221","geometry":{"type":"Polygon","coordinates":[[[-122.15,46.45],[-122.05,46.45],[-122.05,46.55],[-122.15,46.55],[-122.15,46.45]]]},"properties":{"group":"cantharellus","week":"2026-10-05","chance":0.0645,"uncertainty_low":null,"uncertainty_high":null,"applicable":true,"drivers":[],"weather_through":"2026-10-04","model_version":"pnw-pilot-t1-calendar-e2c272b7acfa"}},{"type":"Feature","id":"465_-1220","geometry":{"type":"Polygon","coordinates":[[[-122.05,46.45],[-121.95,46.45],[-121.95,46.55],[-122.05,46.55],[-122.05,46.45]]]},"properties":{"group":"cantharellus","week":"2026-10-05","chance":0.0741,"uncertainty_low":null,"uncertainty_high":null,"applicable":true,"drivers":[],"weather_through":"2026-10-04","model_version":"pnw-pilot-t1-calendar-e2c272b7acfa"}},{"type":"Feature","id":"465_-1219","geometry":{"type":"Polygon","coordinates":[[[-121.95,46.45],[-121.85,46.45],[-121.85,46.55],[-121.95,46.55],[-121.95,46.45]]]},"properties":{"group":"cantharellus","week":"2026-10-05","chance":0.0772,"uncertainty_low":null,"uncertainty_high":null,"applicable":true,"drivers":[],"weather_through":"2026-10-04","model_version":"pnw-pilot-t1-calendar-e2c272b7acfa"}},{"type":"Feature","id":"466_-1217","geometry":{"type":"Polygon","coordinates":[[[-121.75,46.55],[-121.65,46.55],[-121.65,46.65],[-121.75,46.65],[-121.75,46.55]]]},"properties":{"group":"cantharellus","week":"2026-10-05","chance":0.0679,"uncertainty_low":null,"uncertainty_high":null,"applicable":true,"drivers":[],"weather_through":"2026-10-04","model_version":"pnw-pilot-t1-calendar-e2c272b7acfa"}},{"type":"Feature","id":"467_-1220","geometry":{"type":"Polygon","coordinates":[[[-122.05,46.65],[-121.95,46.65],[-121.95,46.75],[-122.05,46.75],[-122.05,46.65]]]},"properties":{"group":"cantharellus","week":"2026-10-05","chance":0.0846,"uncertainty_low":null,"uncertainty_high":null,"applicable":true,"drivers":[],"weather_through":"2026-10-04","model_version":"pnw-pilot-t1-calendar-e2c272b7acfa"}},{"type":"Feature","id":"467_-1219","geometry":{"type":"Polygon","coordinates":[[[-121.95,46.65],[-121.85,46.65],[-121.85,46.75],[-121.95,46.75],[-121.95,46.65]]]},"properties":{"group":"cantharellus","week":"2026-10-05","chance":0.0881,"uncertainty_low":null,"uncertainty_high":null,"applicable":true,"drivers":[],"weather_through":"2026-10-04","model_version":"pnw-pilot-t1-calendar-e2c272b7acfa"}},{"type":"Feature","id":"467_-1218","geometry":{"type":"Polygon","coordinates":[[[-121.85,46.65],[-121.75,46.65],[-121.75,46.75],[-121.85,46.75],[-121.85,46.65]]]},"properties":{"group":"cantharellus","week":"2026-10-05","chance":0.078,"uncertainty_low":null,"uncertainty_high":null,"applicable":true,"drivers":[],"weather_through":"2026-10-04","model_version":"pnw-pilot-t1-calendar-e2c272b7acfa"}},{"type":"Feature","id":"467_-1216","geometry":{"type":"Polygon","coordinates":[[[-121.65,46.65],[-121.55,46.65],[-121.55,46.75],[-121.65,46.75],[-121.65,46.65]]]},"properties":{"group":"cantharellus","week":"2026-10-05","chance":0.0908,"uncertainty_low":null,"uncertainty_high":null,"applicable":true,"drivers":[],"weather_through":"2026-10-04","model_version":"pnw-pilot-t1-calendar-e2c272b7acfa"}},{"type":"Feature","id":"468_-1241","geometry":{"type":"Polygon","coordinates":[[[-124.15,46.75],[-124.05,46.75],[-124.05,46.85],[-124.15,46.85],[-124.15,46.75]]]},"properties":{"group":"cantharellus","week":"2026-10-05","chance":0.0537,"uncertainty_low":null,"uncertainty_high":null,"applicable":true,"drivers":[],"weather_through":"2026-10-04","model_version":"pnw-pilot-t1-calendar-e2c272b7acfa"}},{"type":"Feature","id":"468_-1224","geometry":{"type":"Polygon","coordinates":[[[-122.45,46.75],[-122.35,46.75],[-122.35,46.85],[-122.45,46.85],[-122.45,46.75]]]},"properties":{"group":"cantharellus","week":"2026-10-05","chance":0.0323,"uncertainty_low":null,"uncertainty_high":null,"applicable":true,"drivers":[],"weather_through":"2026-10-04","model_version":"pnw-pilot-t1-calendar-e2c272b7acfa"}},{"type":"Feature","id":"468_-1223","geometry":{"type":"Polygon","coordinates":[[[-122.35,46.75],[-122.25,46.75],[-122.25,46.85],[-122.35,46.85],[-122.35,46.75]]]},"properties":{"group":"cantharellus","week":"2026-10-05","chance":0.0395,"uncertainty_low":null,"uncertainty_high":null,"applicable":true,"drivers":[],"weather_through":"2026-10-04","model_version":"pnw-pilot-t1-calendar-e2c272b7acfa"}},{"type":"Feature","id":"468_-1221","geometry":{"type":"Polygon","coordinates":[[[-122.15,46.75],[-122.05,46.75],[-122.05,46.85],[-122.15,46.85],[-122.15,46.75]]]},"properties":{"group":"cantharellus","week":"2026-10-05","chance":0.045,"uncertainty_low":null,"uncertainty_high":null,"applicable":true,"drivers":[],"weather_through":"2026-10-04","model_version":"pnw-pilot-t1-calendar-e2c272b7acfa"}},{"type":"Feature","id":"468_-1219","geometry":{"type":"Polygon","coordinates":[[[-121.95,46.75],[-121.85,46.75],[-121.85,46.85],[-121.95,46.85],[-121.95,46.75]]]},"properties":{"group":"cantharellus","week":"2026-10-05","chance":0.0602,"uncertainty_low":null,"uncertainty_high":null,"applicable":true,"drivers":[],"weather_through":"2026-10-04","model_version":"pnw-pilot-t1-calendar-e2c272b7acfa"}},{"type":"Feature","id":"468_-1218","geometry":{"type":"Polygon","coordinates":[[[-121.85,46.75],[-121.75,46.75],[-121.75,46.85],[-121.85,46.85],[-121.85,46.75]]]},"properties":{"group":"cantharellus","week":"2026-10-05","chance":0.0469,"uncertainty_low":null,"uncertainty_high":null,"applicable":true,"drivers":[],"weather_through":"2026-10-04","model_version":"pnw-pilot-t1-calendar-e2c272b7acfa"}},{"type":"Feature","id":"468_-1217","geometry":{"type":"Polygon","coordinates":[[[-121.75,46.75],[-121.65,46.75],[-121.65,46.85],[-121.75,46.85],[-121.75,46.75]]]},"properties":{"group":"cantharellus","week":"2026-10-05","chance":0.0469,"uncertainty_low":null,"uncertainty_high":null,"applicable":true,"drivers":[],"weather_through":"2026-10-04","model_version":"pnw-pilot-t1-calendar-e2c272b7acfa"}},{"type":"Feature","id":"468_-1216","geometry":{"type":"Polygon","coordinates":[[[-121.65,46.75],[-121.55,46.75],[-121.55,46.85],[-121.65,46.85],[-121.65,46.75]]]},"properties":{"group":"cantharellus","week":"2026-10-05","chance":0.0579,"uncertainty_low":null,"uncertainty_high":null,"applicable":true,"drivers":[],"weather_through":"2026-10-04","model_version":"pnw-pilot-t1-calendar-e2c272b7acfa"}},{"type":"Feature","id":"469_-1241","geometry":{"type":"Polygon","coordinates":[[[-124.15,46.85],[-124.05,46.85],[-124.05,46.95],[-124.15,46.95],[-124.15,46.85]]]},"properties":{"group":"cantharellus","week":"2026-10-05","chance":0.0624,"uncertainty_low":null,"uncertainty_high":null,"applicable":true,"drivers":[],"weather_through":"2026-10-04","model_version":"pnw-pilot-t1-calendar-e2c272b7acfa"}},{"type":"Feature","id":"469_-1240","geometry":{"type":"Polygon","coordinates":[[[-124.05,46.85],[-123.95,46.85],[-123.95,46.95],[-124.05,46.95],[-124.05,46.85]]]},"properties":{"group":"cantharellus","week":"2026-10-05","chance":0.0545,"uncertainty_low":null,"uncertainty_high":null,"applicable":true,"drivers":[],"weather_through":"2026-10-04","model_version":"pnw-pilot-t1-calendar-e2c272b7acfa"}},{"type":"Feature","id":"469_-1231","geometry":{"type":"Polygon","coordinates":[[[-123.15,46.85],[-123.05,46.85],[-123.05,46.95],[-123.15,46.95],[-123.15,46.85]]]},"properties":{"group":"cantharellus","week":"2026-10-05","chance":0.0416,"uncertainty_low":null,"uncertainty_high":null,"applicable":true,"drivers":[],"weather_through":"2026-10-04","model_version":"pnw-pilot-t1-calendar-e2c272b7acfa"}},{"type":"Feature","id":"469_-1230","geometry":{"type":"Polygon","coordinates":[[[-123.05,46.85],[-122.95,46.85],[-122.95,46.95],[-123.05,46.95],[-123.05,46.85]]]},"properties":{"group":"cantharellus","week":"2026-10-05","chance":0.0526,"uncertainty_low":null,"uncertainty_high":null,"applicable":true,"drivers":[],"weather_through":"2026-10-04","model_version":"pnw-pilot-t1-calendar-e2c272b7acfa"}},{"type":"Feature","id":"469_-1229","geometry":{"type":"Polygon","coordinates":[[[-122.95,46.85],[-122.85,46.85],[-122.85,46.95],[-122.95,46.95],[-122.95,46.85]]]},"properties":{"group":"cantharellus","week":"2026-10-05","chance":0.0486,"uncertainty_low":null,"uncertainty_high":null,"applicable":true,"drivers":[],"weather_through":"2026-10-04","model_version":"pnw-pilot-t1-calendar-e2c272b7acfa"}},{"type":"Feature","id":"469_-1223","geometry":{"type":"Polygon","coordinates":[[[-122.35,46.85],[-122.25,46.85],[-122.25,46.95],[-122.35,46.95],[-122.35,46.85]]]},"properties":{"group":"cantharellus","week":"2026-10-05","chance":0.0251,"uncertainty_low":null,"uncertainty_high":null,"applicable":true,"drivers":[],"weather_through":"2026-10-04","model_version":"pnw-pilot-t1-calendar-e2c272b7acfa"}},{"type":"Feature","id":"469_-1216","geometry":{"type":"Polygon","coordinates":[[[-121.65,46.85],[-121.55,46.85],[-121.55,46.95],[-121.65,46.95],[-121.65,46.85]]]},"properties":{"group":"cantharellus","week":"2026-10-05","chance":0.0428,"uncertainty_low":null,"uncertainty_high":null,"applicable":true,"drivers":[],"weather_through":"2026-10-04","model_version":"pnw-pilot-t1-calendar-e2c272b7acfa"}},{"type":"Feature","id":"470_-1236","geometry":{"type":"Polygon","coordinates":[[[-123.65,46.95],[-123.55,46.95],[-123.55,47.05],[-123.65,47.05],[-123.65,46.95]]]},"properties":{"group":"cantharellus","week":"2026-10-05","chance":0.0621,"uncertainty_low":null,"uncertainty_high":null,"applicable":true,"drivers":[],"weather_through":"2026-10-04","model_version":"pnw-pilot-t1-calendar-e2c272b7acfa"}},{"type":"Feature","id":"470_-1231","geometry":{"type":"Polygon","coordinates":[[[-123.15,46.95],[-123.05,46.95],[-123.05,47.05],[-123.15,47.05],[-123.15,46.95]]]},"properties":{"group":"cantharellus","week":"2026-10-05","chance":0.0415,"uncertainty_low":null,"uncertainty_high":null,"applicable":true,"drivers":[],"weather_through":"2026-10-04","model_version":"pnw-pilot-t1-calendar-e2c272b7acfa"}},{"type":"Feature","id":"470_-1230","geometry":{"type":"Polygon","coordinates":[[[-123.05,46.95],[-122.95,46.95],[-122.95,47.05],[-123.05,47.05],[-123.05,46.95]]]},"properties":{"group":"cantharellus","week":"2026-10-05","chance":0.066,"uncertainty_low":null,"uncertainty_high":null,"applicable":true,"drivers":[],"weather_through":"2026-10-04","model_version":"pnw-pilot-t1-calendar-e2c272b7acfa"}},{"type":"Feature","id":"470_-1229","geometry":{"type":"Polygon","coordinates":[[[-122.95,46.95],[-122.85,46.95],[-122.85,47.05],[-122.95,47.05],[-122.95,46.95]]]},"properties":{"group":"cantharellus","week":"2026-10-05","chance":0.0442,"uncertainty_low":null,"uncertainty_high":null,"applicable":true,"drivers":[],"weather_through":"2026-10-04","model_version":"pnw-pilot-t1-calendar-e2c272b7acfa"}},{"type":"Feature","id":"470_-1228","geometry":{"type":"Polygon","coordinates":[[[-122.85,46.95],[-122.75,46.95],[-122.75,47.05],[-122.85,47.05],[-122.85,46.95]]]},"properties":{"group":"cantharellus","week":"2026-10-05","chance":0.0336,"uncertainty_low":null,"uncertainty_high":null,"applicable":true,"drivers":[],"weather_through":"2026-10-04","model_version":"pnw-pilot-t1-calendar-e2c272b7acfa"}},{"type":"Feature","id":"470_-1219","geometry":{"type":"Polygon","coordinates":[[[-121.95,46.95],[-121.85,46.95],[-121.85,47.05],[-121.95,47.05],[-121.95,46.95]]]},"properties":{"group":"cantharellus","week":"2026-10-05","chance":0.0464,"uncertainty_low":null,"uncertainty_high":null,"applicable":true,"drivers":[],"weather_through":"2026-10-04","model_version":"pnw-pilot-t1-calendar-e2c272b7acfa"}},{"type":"Feature","id":"470_-1216","geometry":{"type":"Polygon","coordinates":[[[-121.65,46.95],[-121.55,46.95],[-121.55,47.05],[-121.65,47.05],[-121.65,46.95]]]},"properties":{"group":"cantharellus","week":"2026-10-05","chance":0.0445,"uncertainty_low":null,"uncertainty_high":null,"applicable":true,"drivers":[],"weather_through":"2026-10-04","model_version":"pnw-pilot-t1-calendar-e2c272b7acfa"}},{"type":"Feature","id":"471_-1242","geometry":{"type":"Polygon","coordinates":[[[-124.25,47.05],[-124.15,47.05],[-124.15,47.15],[-124.25,47.15],[-124.25,47.05]]]},"properties":{"group":"cantharellus","week":"2026-10-05","chance":0.1239,"uncertainty_low":null,"uncertainty_high":null,"applicable":true,"drivers":[],"weather_through":"2026-10-04","model_version":"pnw-pilot-t1-calendar-e2c272b7acfa"}},{"type":"Feature","id":"471_-1231","geometry":{"type":"Polygon","coordinates":[[[-123.15,47.05],[-123.05,47.05],[-123.05,47.15],[-123.15,47.15],[-123.15,47.05]]]},"properties":{"group":"cantharellus","week":"2026-10-05","chance":0.0467,"uncertainty_low":null,"uncertainty_high":null,"applicable":true,"drivers":[],"weather_through":"2026-10-04","model_version":"pnw-pilot-t1-calendar-e2c272b7acfa"}},{"type":"Feature","id":"471_-1230","geometry":{"type":"Polygon","coordinates":[[[-123.05,47.05],[-122.95,47.05],[-122.95,47.15],[-123.05,47.15],[-123.05,47.05]]]},"properties":{"group":"cantharellus","week":"2026-10-05","chance":0.1083,"uncertainty_low":null,"uncertainty_high":null,"applicable":true,"drivers":[],"weather_through":"2026-10-04","model_version":"pnw-pilot-t1-calendar-e2c272b7acfa"}},{"type":"Feature","id":"471_-1229","geometry":{"type":"Polygon","coordinates":[[[-122.95,47.05],[-122.85,47.05],[-122.85,47.15],[-122.95,47.15],[-122.95,47.05]]]},"properties":{"group":"cantharellus","week":"2026-10-05","chance":0.0529,"uncertainty_low":null,"uncertainty_high":null,"applicable":true,"drivers":[],"weather_through":"2026-10-04","model_version":"pnw-pilot-t1-calendar-e2c272b7acfa"}},{"type":"Feature","id":"471_-1228","geometry":{"type":"Polygon","coordinates":[[[-122.85,47.05],[-122.75,47.05],[-122.75,47.15],[-122.85,47.15],[-122.85,47.05]]]},"properties":{"group":"cantharellus","week":"2026-10-05","chance":0.0397,"uncertainty_low":null,"uncertainty_high":null,"applicable":true,"drivers":[],"weather_through":"2026-10-04","model_version":"pnw-pilot-t1-calendar-e2c272b7acfa"}},{"type":"Feature","id":"471_-1227","geometry":{"type":"Polygon","coordinates":[[[-122.75,47.05],[-122.65,47.05],[-122.65,47.15],[-122.75,47.15],[-122.75,47.05]]]},"properties":{"group":"cantharellus","week":"2026-10-05","chance":0.0397,"uncertainty_low":null,"uncertainty_high":null,"applicable":true,"drivers":[],"weather_through":"2026-10-04","model_version":"pnw-pilot-t1-calendar-e2c272b7acfa"}},{"type":"Feature","id":"471_-1222","geometry":{"type":"Polygon","coordinates":[[[-122.25,47.05],[-122.15,47.05],[-122.15,47.15],[-122.25,47.15],[-122.25,47.05]]]},"properties":{"group":"cantharellus","week":"2026-10-05","chance":0.0166,"uncertainty_low":null,"uncertainty_high":null,"applicable":true,"drivers":[],"weather_through":"2026-10-04","model_version":"pnw-pilot-t1-calendar-e2c272b7acfa"}},{"type":"Feature","id":"472_-1242","geometry":{"type":"Polygon","coordinates":[[[-124.25,47.15],[-124.15,47.15],[-124.15,47.25],[-124.25,47.25],[-124.25,47.15]]]},"properties":{"group":"cantharellus","week":"2026-10-05","chance":0.1598,"uncertainty_low":null,"uncertainty_high":null,"applicable":true,"drivers":[],"weather_through":"2026-10-04","model_version":"pnw-pilot-t1-calendar-e2c272b7acfa"}},{"type":"Feature","id":"472_-1231","geometry":{"type":"Polygon","coordinates":[[[-123.15,47.15],[-123.05,47.15],[-123.05,47.25],[-123.15,47.25],[-123.15,47.15]]]},"properties":{"group":"cantharellus","week":"2026-10-05","chance":0.0467,"uncertainty_low":null,"uncertainty_high":null,"applicable":true,"drivers":[],"weather_through":"2026-10-04","model_version":"pnw-pilot-t1-calendar-e2c272b7acfa"}},{"type":"Feature","id":"472_-1226","geometry":{"type":"Polygon","coordinates":[[[-122.65,47.15],[-122.55,47.15],[-122.55,47.25],[-122.65,47.25],[-122.65,47.15]]]},"properties":{"group":"cantharellus","week":"2026-10-05","chance":0.0383,"uncertainty_low":null,"uncertainty_high":null,"applicable":true,"drivers":[],"weather_through":"2026-10-04","model_version":"pnw-pilot-t1-calendar-e2c272b7acfa"}},{"type":"Feature","id":"472_-1225","geometry":{"type":"Polygon","coordinates":[[[-122.55,47.15],[-122.45,47.15],[-122.45,47.25],[-122.55,47.25],[-122.55,47.15]]]},"properties":{"group":"cantharellus","week":"2026-10-05","chance":0.0171,"uncertainty_low":null,"uncertainty_high":null,"applicable":true,"drivers":[],"weather_through":"2026-10-04","model_version":"pnw-pilot-t1-calendar-e2c272b7acfa"}},{"type":"Feature","id":"472_-1224","geometry":{"type":"Polygon","coordinates":[[[-122.45,47.15],[-122.35,47.15],[-122.35,47.25],[-122.45,47.25],[-122.45,47.15]]]},"properties":{"group":"cantharellus","week":"2026-10-05","chance":0.0165,"uncertainty_low":null,"uncertainty_high":null,"applicable":true,"drivers":[],"weather_through":"2026-10-04","model_version":"pnw-pilot-t1-calendar-e2c272b7acfa"}},{"type":"Feature","id":"472_-1223","geometry":{"type":"Polygon","coordinates":[[[-122.35,47.15],[-122.25,47.15],[-122.25,47.25],[-122.35,47.25],[-122.35,47.15]]]},"properties":{"group":"cantharellus","week":"2026-10-05","chance":0.0158,"uncertainty_low":null,"uncertainty_high":null,"applicable":true,"drivers":[],"weather_through":"2026-10-04","model_version":"pnw-pilot-t1-calendar-e2c272b7acfa"}},{"type":"Feature","id":"472_-1210","geometry":{"type":"Polygon","coordinates":[[[-121.05,47.15],[-120.95,47.15],[-120.95,47.25],[-121.05,47.25],[-121.05,47.15]]]},"properties":{"group":"cantharellus","week":"2026-10-05","chance":0.0403,"uncertainty_low":null,"uncertainty_high":null,"applicable":true,"drivers":[],"weather_through":"2026-10-04","model_version":"pnw-pilot-t1-calendar-e2c272b7acfa"}},{"type":"Feature","id":"473_-1231","geometry":{"type":"Polygon","coordinates":[[[-123.15,47.25],[-123.05,47.25],[-123.05,47.35],[-123.15,47.35],[-123.15,47.25]]]},"properties":{"group":"cantharellus","week":"2026-10-05","chance":0.0467,"uncertainty_low":null,"uncertainty_high":null,"applicable":true,"drivers":[],"weather_through":"2026-10-04","model_version":"pnw-pilot-t1-calendar-e2c272b7acfa"}},{"type":"Feature","id":"473_-1229","geometry":{"type":"Polygon","coordinates":[[[-122.95,47.25],[-122.85,47.25],[-122.85,47.35],[-122.95,47.35],[-122.95,47.25]]]},"properties":{"group":"cantharellus","week":"2026-10-05","chance":0.0511,"uncertainty_low":null,"uncertainty_high":null,"applicable":true,"drivers":[],"weather_through":"2026-10-04","model_version":"pnw-pilot-t1-calendar-e2c272b7acfa"}},{"type":"Feature","id":"473_-1226","geometry":{"type":"Polygon","coordinates":[[[-122.65,47.25],[-122.55,47.25],[-122.55,47.35],[-122.65,47.35],[-122.65,47.25]]]},"properties":{"group":"cantharellus","week":"2026-10-05","chance":0.0383,"uncertainty_low":null,"uncertainty_high":null,"applicable":true,"drivers":[],"weather_through":"2026-10-04","model_version":"pnw-pilot-t1-calendar-e2c272b7acfa"}},{"type":"Feature","id":"473_-1225","geometry":{"type":"Polygon","coordinates":[[[-122.55,47.25],[-122.45,47.25],[-122.45,47.35],[-122.55,47.35],[-122.55,47.25]]]},"properties":{"group":"cantharellus","week":"2026-10-05","chance":0.0171,"uncertainty_low":null,"uncertainty_high":null,"applicable":true,"drivers":[],"weather_through":"2026-10-04","model_version":"pnw-pilot-t1-calendar-e2c272b7acfa"}},{"type":"Feature","id":"473_-1224","geometry":{"type":"Polygon","coordinates":[[[-122.45,47.25],[-122.35,47.25],[-122.35,47.35],[-122.45,47.35],[-122.45,47.25]]]},"properties":{"group":"cantharellus","week":"2026-10-05","chance":0.0165,"uncertainty_low":null,"uncertainty_high":null,"applicable":true,"drivers":[],"weather_through":"2026-10-04","model_version":"pnw-pilot-t1-calendar-e2c272b7acfa"}},{"type":"Feature","id":"473_-1223","geometry":{"type":"Polygon","coordinates":[[[-122.35,47.25],[-122.25,47.25],[-122.25,47.35],[-122.35,47.35],[-122.35,47.25]]]},"properties":{"group":"cantharellus","week":"2026-10-05","chance":0.0158,"uncertainty_low":null,"uncertainty_high":null,"applicable":true,"drivers":[],"weather_through":"2026-10-04","model_version":"pnw-pilot-t1-calendar-e2c272b7acfa"}},{"type":"Feature","id":"473_-1222","geometry":{"type":"Polygon","coordinates":[[[-122.25,47.25],[-122.15,47.25],[-122.15,47.35],[-122.25,47.35],[-122.25,47.25]]]},"properties":{"group":"cantharellus","week":"2026-10-05","chance":0.0158,"uncertainty_low":null,"uncertainty_high":null,"applicable":true,"drivers":[],"weather_through":"2026-10-04","model_version":"pnw-pilot-t1-calendar-e2c272b7acfa"}},{"type":"Feature","id":"473_-1221","geometry":{"type":"Polygon","coordinates":[[[-122.15,47.25],[-122.05,47.25],[-122.05,47.35],[-122.15,47.35],[-122.15,47.25]]]},"properties":{"group":"cantharellus","week":"2026-10-05","chance":0.0181,"uncertainty_low":null,"uncertainty_high":null,"applicable":true,"drivers":[],"weather_through":"2026-10-04","model_version":"pnw-pilot-t1-calendar-e2c272b7acfa"}},{"type":"Feature","id":"473_-1220","geometry":{"type":"Polygon","coordinates":[[[-122.05,47.25],[-121.95,47.25],[-121.95,47.35],[-122.05,47.35],[-122.05,47.25]]]},"properties":{"group":"cantharellus","week":"2026-10-05","chance":0.0285,"uncertainty_low":null,"uncertainty_high":null,"applicable":true,"drivers":[],"weather_through":"2026-10-04","model_version":"pnw-pilot-t1-calendar-e2c272b7acfa"}},{"type":"Feature","id":"473_-1213","geometry":{"type":"Polygon","coordinates":[[[-121.35,47.25],[-121.25,47.25],[-121.25,47.35],[-121.35,47.35],[-121.35,47.25]]]},"properties":{"group":"cantharellus","week":"2026-10-05","chance":0.0379,"uncertainty_low":null,"uncertainty_high":null,"applicable":true,"drivers":[],"weather_through":"2026-10-04","model_version":"pnw-pilot-t1-calendar-e2c272b7acfa"}},{"type":"Feature","id":"474_-1234","geometry":{"type":"Polygon","coordinates":[[[-123.45,47.35],[-123.35,47.35],[-123.35,47.45],[-123.45,47.45],[-123.45,47.35]]]},"properties":{"group":"cantharellus","week":"2026-10-05","chance":0.0713,"uncertainty_low":null,"uncertainty_high":null,"applicable":true,"drivers":[],"weather_through":"2026-10-04","model_version":"pnw-pilot-t1-calendar-e2c272b7acfa"}},{"type":"Feature","id":"474_-1233","geometry":{"type":"Polygon","coordinates":[[[-123.35,47.35],[-123.25,47.35],[-123.25,47.45],[-123.35,47.45],[-123.35,47.35]]]},"properties":{"group":"cantharellus","week":"2026-10-05","chance":0.0547,"uncertainty_low":null,"uncertainty_high":null,"applicable":true,"drivers":[],"weather_through":"2026-10-04","model_version":"pnw-pilot-t1-calendar-e2c272b7acfa"}},{"type":"Feature","id":"474_-1232","geometry":{"type":"Polygon","coordinates":[[[-123.25,47.35],[-123.15,47.35],[-123.15,47.45],[-123.25,47.45],[-123.25,47.35]]]},"properties":{"group":"cantharellus","week":"2026-10-05","chance":0.0494,"uncertainty_low":null,"uncertainty_high":null,"applicable":true,"drivers":[],"weather_through":"2026-10-04","model_version":"pnw-pilot-t1-calendar-e2c272b7acfa"}},{"type":"Feature","id":"474_-1230","geometry":{"type":"Polygon","coordinates":[[[-123.05,47.35],[-122.95,47.35],[-122.95,47.45],[-123.05,47.45],[-123.05,47.35]]]},"properties":{"group":"cantharellus","week":"2026-10-05","chance":0.1155,"uncertainty_low":null,"uncertainty_high":null,"applicable":true,"drivers":[],"weather_through":"2026-10-04","model_version":"pnw-pilot-t1-calendar-e2c272b7acfa"}},{"type":"Feature","id":"474_-1228","geometry":{"type":"Polygon","coordinates":[[[-122.85,47.35],[-122.75,47.35],[-122.75,47.45],[-122.85,47.45],[-122.85,47.35]]]},"properties":{"group":"cantharellus","week":"2026-10-05","chance":0.0572,"uncertainty_low":null,"uncertainty_high":null,"applicable":true,"drivers":[],"weather_through":"2026-10-04","model_version":"pnw-pilot-t1-calendar-e2c272b7acfa"}},{"type":"Feature","id":"474_-1227","geometry":{"type":"Polygon","coordinates":[[[-122.75,47.35],[-122.65,47.35],[-122.65,47.45],[-122.75,47.45],[-122.75,47.35]]]},"properties":{"group":"cantharellus","week":"2026-10-05","chance":0.0604,"uncertainty_low":null,"uncertainty_high":null,"applicable":true,"drivers":[],"weather_through":"2026-10-04","model_version":"pnw-pilot-t1-calendar-e2c272b7acfa"}},{"type":"Feature","id":"474_-1226","geometry":{"type":"Polygon","coordinates":[[[-122.65,47.35],[-122.55,47.35],[-122.55,47.45],[-122.65,47.45],[-122.65,47.35]]]},"properties":{"group":"cantharellus","week":"2026-10-05","chance":0.0604,"uncertainty_low":null,"uncertainty_high":null,"applicable":true,"drivers":[],"weather_through":"2026-10-04","model_version":"pnw-pilot-t1-calendar-e2c272b7acfa"}},{"type":"Feature","id":"474_-1225","geometry":{"type":"Polygon","coordinates":[[[-122.55,47.35],[-122.45,47.35],[-122.45,47.45],[-122.55,47.45],[-122.55,47.35]]]},"properties":{"group":"cantharellus","week":"2026-10-05","chance":0.0243,"uncertainty_low":null,"uncertainty_high":null,"applicable":true,"drivers":[],"weather_through":"2026-10-04","model_version":"pnw-pilot-t1-calendar-e2c272b7acfa"}},{"type":"Feature","id":"474_-1224","geometry":{"type":"Polygon","coordinates":[[[-122.45,47.35],[-122.35,47.35],[-122.35,47.45],[-122.45,47.45],[-122.45,47.35]]]},"properties":{"group":"cantharellus","week":"2026-10-05","chance":0.0184,"uncertainty_low":null,"uncertainty_high":null,"applicable":true,"drivers":[],"weather_through":"2026-10-04","model_version":"pnw-pilot-t1-calendar-e2c272b7acfa"}},{"type":"Feature","id":"474_-1223","geometry":{"type":"Polygon","coordinates":[[[-122.35,47.35],[-122.25,47.35],[-122.25,47.45],[-122.35,47.45],[-122.35,47.35]]]},"properties":{"group":"cantharellus","week":"2026-10-05","chance":0.0166,"uncertainty_low":null,"uncertainty_high":null,"applicable":true,"drivers":[],"weather_through":"2026-10-04","model_version":"pnw-pilot-t1-calendar-e2c272b7acfa"}},{"type":"Feature","id":"474_-1222","geometry":{"type":"Polygon","coordinates":[[[-122.25,47.35],[-122.15,47.35],[-122.15,47.45],[-122.25,47.45],[-122.25,47.35]]]},"properties":{"group":"cantharellus","week":"2026-10-05","chance":0.0166,"uncertainty_low":null,"uncertainty_high":null,"applicable":true,"drivers":[],"weather_through":"2026-10-04","model_version":"pnw-pilot-t1-calendar-e2c272b7acfa"}},{"type":"Feature","id":"474_-1221","geometry":{"type":"Polygon","coordinates":[[[-122.15,47.35],[-122.05,47.35],[-122.05,47.45],[-122.15,47.45],[-122.15,47.35]]]},"properties":{"group":"cantharellus","week":"2026-10-05","chance":0.0176,"uncertainty_low":null,"uncertainty_high":null,"applicable":true,"drivers":[],"weather_through":"2026-10-04","model_version":"pnw-pilot-t1-calendar-e2c272b7acfa"}},{"type":"Feature","id":"474_-1220","geometry":{"type":"Polygon","coordinates":[[[-122.05,47.35],[-121.95,47.35],[-121.95,47.45],[-122.05,47.45],[-122.05,47.35]]]},"properties":{"group":"cantharellus","week":"2026-10-05","chance":0.0277,"uncertainty_low":null,"uncertainty_high":null,"applicable":true,"drivers":[],"weather_through":"2026-10-04","model_version":"pnw-pilot-t1-calendar-e2c272b7acfa"}},{"type":"Feature","id":"474_-1218","geometry":{"type":"Polygon","coordinates":[[[-121.85,47.35],[-121.75,47.35],[-121.75,47.45],[-121.85,47.45],[-121.85,47.35]]]},"properties":{"group":"cantharellus","week":"2026-10-05","chance":0.0342,"uncertainty_low":null,"uncertainty_high":null,"applicable":true,"drivers":[],"weather_through":"2026-10-04","model_version":"pnw-pilot-t1-calendar-e2c272b7acfa"}},{"type":"Feature","id":"474_-1217","geometry":{"type":"Polygon","coordinates":[[[-121.75,47.35],[-121.65,47.35],[-121.65,47.45],[-121.75,47.45],[-121.75,47.35]]]},"properties":{"group":"cantharellus","week":"2026-10-05","chance":0.0342,"uncertainty_low":null,"uncertainty_high":null,"applicable":true,"drivers":[],"weather_through":"2026-10-04","model_version":"pnw-pilot-t1-calendar-e2c272b7acfa"}},{"type":"Feature","id":"474_-1216","geometry":{"type":"Polygon","coordinates":[[[-121.65,47.35],[-121.55,47.35],[-121.55,47.45],[-121.65,47.45],[-121.65,47.35]]]},"properties":{"group":"cantharellus","week":"2026-10-05","chance":0.0433,"uncertainty_low":null,"uncertainty_high":null,"applicable":true,"drivers":[],"weather_through":"2026-10-04","model_version":"pnw-pilot-t1-calendar-e2c272b7acfa"}},{"type":"Feature","id":"474_-1215","geometry":{"type":"Polygon","coordinates":[[[-121.55,47.35],[-121.45,47.35],[-121.45,47.45],[-121.55,47.45],[-121.55,47.35]]]},"properties":{"group":"cantharellus","week":"2026-10-05","chance":0.0415,"uncertainty_low":null,"uncertainty_high":null,"applicable":true,"drivers":[],"weather_through":"2026-10-04","model_version":"pnw-pilot-t1-calendar-e2c272b7acfa"}},{"type":"Feature","id":"474_-1214","geometry":{"type":"Polygon","coordinates":[[[-121.45,47.35],[-121.35,47.35],[-121.35,47.45],[-121.45,47.45],[-121.45,47.35]]]},"properties":{"group":"cantharellus","week":"2026-10-05","chance":0.0391,"uncertainty_low":null,"uncertainty_high":null,"applicable":true,"drivers":[],"weather_through":"2026-10-04","model_version":"pnw-pilot-t1-calendar-e2c272b7acfa"}},{"type":"Feature","id":"475_-1239","geometry":{"type":"Polygon","coordinates":[[[-123.95,47.45],[-123.85,47.45],[-123.85,47.55],[-123.95,47.55],[-123.95,47.45]]]},"properties":{"group":"cantharellus","week":"2026-10-05","chance":0.0734,"uncertainty_low":null,"uncertainty_high":null,"applicable":true,"drivers":[],"weather_through":"2026-10-04","model_version":"pnw-pilot-t1-calendar-e2c272b7acfa"}},{"type":"Feature","id":"475_-1238","geometry":{"type":"Polygon","coordinates":[[[-123.85,47.45],[-123.75,47.45],[-123.75,47.55],[-123.85,47.55],[-123.85,47.45]]]},"properties":{"group":"cantharellus","week":"2026-10-05","chance":0.0805,"uncertainty_low":null,"uncertainty_high":null,"applicable":true,"drivers":[],"weather_through":"2026-10-04","model_version":"pnw-pilot-t1-calendar-e2c272b7acfa"}},{"type":"Feature","id":"475_-1233","geometry":{"type":"Polygon","coordinates":[[[-123.35,47.45],[-123.25,47.45],[-123.25,47.55],[-123.35,47.55],[-123.35,47.45]]]},"properties":{"group":"cantharellus","week":"2026-10-05","chance":0.0552,"uncertainty_low":null,"uncertainty_high":null,"applicable":true,"drivers":[],"weather_through":"2026-10-04","model_version":"pnw-pilot-t1-calendar-e2c272b7acfa"}},{"type":"Feature","id":"475_-1232","geometry":{"type":"Polygon","coordinates":[[[-123.25,47.45],[-123.15,47.45],[-123.15,47.55],[-123.25,47.55],[-123.25,47.45]]]},"properties":{"group":"cantharellus","week":"2026-10-05","chance":0.0498,"uncertainty_low":null,"uncertainty_high":null,"applicable":true,"drivers":[],"weather_through":"2026-10-04","model_version":"pnw-pilot-t1-calendar-e2c272b7acfa"}},{"type":"Feature","id":"475_-1230","geometry":{"type":"Polygon","coordinates":[[[-123.05,47.45],[-122.95,47.45],[-122.95,47.55],[-123.05,47.55],[-123.05,47.45]]]},"properties":{"group":"cantharellus","week":"2026-10-05","chance":0.1352,"uncertainty_low":null,"uncertainty_high":null,"applicable":true,"drivers":[],"weather_through":"2026-10-04","model_version":"pnw-pilot-t1-calendar-e2c272b7acfa"}},{"type":"Feature","id":"475_-1229","geometry":{"type":"Polygon","coordinates":[[[-122.95,47.45],[-122.85,47.45],[-122.85,47.55],[-122.95,47.55],[-122.95,47.45]]]},"properties":{"group":"cantharellus","week":"2026-10-05","chance":0.1255,"uncertainty_low":null,"uncertainty_high":null,"applicable":true,"drivers":[],"weather_through":"2026-10-04","model_version":"pnw-pilot-t1-calendar-e2c272b7acfa"}},{"type":"Feature","id":"475_-1227","geometry":{"type":"Polygon","coordinates":[[[-122.75,47.45],[-122.65,47.45],[-122.65,47.55],[-122.75,47.55],[-122.75,47.45]]]},"properties":{"group":"cantharellus","week":"2026-10-05","chance":0.1338,"uncertainty_low":null,"uncertainty_high":null,"applicable":true,"drivers":[],"weather_through":"2026-10-04","model_version":"pnw-pilot-t1-calendar-e2c272b7acfa"}},{"type":"Feature","id":"475_-1226","geometry":{"type":"Polygon","coordinates":[[[-122.65,47.45],[-122.55,47.45],[-122.55,47.55],[-122.65,47.55],[-122.65,47.45]]]},"properties":{"group":"cantharellus","week":"2026-10-05","chance":0.1338,"uncertainty_low":null,"uncertainty_high":null,"applicable":true,"drivers":[],"weather_through":"2026-10-04","model_version":"pnw-pilot-t1-calendar-e2c272b7acfa"}},{"type":"Feature","id":"475_-1225","geometry":{"type":"Polygon","coordinates":[[[-122.55,47.45],[-122.45,47.45],[-122.45,47.55],[-122.55,47.55],[-122.55,47.45]]]},"properties":{"group":"cantharellus","week":"2026-10-05","chance":0.0343,"uncertainty_low":null,"uncertainty_high":null,"applicable":true,"drivers":[],"weather_through":"2026-10-04","model_version":"pnw-pilot-t1-calendar-e2c272b7acfa"}},{"type":"Feature","id":"475_-1224","geometry":{"type":"Polygon","coordinates":[[[-122.45,47.45],[-122.35,47.45],[-122.35,47.55],[-122.45,47.55],[-122.45,47.45]]]},"properties":{"group":"cantharellus","week":"2026-10-05","chance":0.0201,"uncertainty_low":null,"uncertainty_high":null,"applicable":true,"drivers":[],"weather_through":"2026-10-04","model_version":"pnw-pilot-t1-calendar-e2c272b7acfa"}},{"type":"Feature","id":"475_-1223","geometry":{"type":"Polygon","coordinates":[[[-122.35,47.45],[-122.25,47.45],[-122.25,47.55],[-122.35,47.55],[-122.35,47.45]]]},"properties":{"group":"cantharellus","week":"2026-10-05","chance":0.0177,"uncertainty_low":null,"uncertainty_high":null,"applicable":true,"drivers":[],"weather_through":"2026-10-04","model_version":"pnw-pilot-t1-calendar-e2c272b7acfa"}},{"type":"Feature","id":"475_-1222","geometry":{"type":"Polygon","coordinates":[[[-122.25,47.45],[-122.15,47.45],[-122.15,47.55],[-122.25,47.55],[-122.25,47.45]]]},"properties":{"group":"cantharellus","week":"2026-10-05","chance":0.0177,"uncertainty_low":null,"uncertainty_high":null,"applicable":true,"drivers":[],"weather_through":"2026-10-04","model_version":"pnw-pilot-t1-calendar-e2c272b7acfa"}},{"type":"Feature","id":"475_-1221","geometry":{"type":"Polygon","coordinates":[[[-122.15,47.45],[-122.05,47.45],[-122.05,47.55],[-122.15,47.55],[-122.15,47.45]]]},"properties":{"group":"cantharellus","week":"2026-10-05","chance":0.018,"uncertainty_low":null,"uncertainty_high":null,"applicable":true,"drivers":[],"weather_through":"2026-10-04","model_version":"pnw-pilot-t1-calendar-e2c272b7acfa"}},{"type":"Feature","id":"475_-1220","geometry":{"type":"Polygon","coordinates":[[[-122.05,47.45],[-121.95,47.45],[-121.95,47.55],[-122.05,47.55],[-122.05,47.45]]]},"properties":{"group":"cantharellus","week":"2026-10-05","chance":0.0279,"uncertainty_low":null,"uncertainty_high":null,"applicable":true,"drivers":[],"weather_through":"2026-10-04","model_version":"pnw-pilot-t1-calendar-e2c272b7acfa"}},{"type":"Feature","id":"475_-1219","geometry":{"type":"Polygon","coordinates":[[[-121.95,47.45],[-121.85,47.45],[-121.85,47.55],[-121.95,47.55],[-121.95,47.45]]]},"properties":{"group":"cantharellus","week":"2026-10-05","chance":0.0344,"uncertainty_low":null,"uncertainty_high":null,"applicable":true,"drivers":[],"weather_through":"2026-10-04","model_version":"pnw-pilot-t1-calendar-e2c272b7acfa"}},{"type":"Feature","id":"475_-1218","geometry":{"type":"Polygon","coordinates":[[[-121.85,47.45],[-121.75,47.45],[-121.75,47.55],[-121.85,47.55],[-121.85,47.45]]]},"properties":{"group":"cantharellus","week":"2026-10-05","chance":0.0314,"uncertainty_low":null,"uncertainty_high":null,"applicable":true,"drivers":[],"weather_through":"2026-10-04","model_version":"pnw-pilot-t1-calendar-e2c272b7acfa"}},{"type":"Feature","id":"475_-1217","geometry":{"type":"Polygon","coordinates":[[[-121.75,47.45],[-121.65,47.45],[-121.65,47.55],[-121.75,47.55],[-121.75,47.45]]]},"properties":{"group":"cantharellus","week":"2026-10-05","chance":0.0314,"uncertainty_low":null,"uncertainty_high":null,"applicable":true,"drivers":[],"weather_through":"2026-10-04","model_version":"pnw-pilot-t1-calendar-e2c272b7acfa"}},{"type":"Feature","id":"475_-1216","geometry":{"type":"Polygon","coordinates":[[[-121.65,47.45],[-121.55,47.45],[-121.55,47.55],[-121.65,47.55],[-121.65,47.45]]]},"properties":{"group":"cantharellus","week":"2026-10-05","chance":0.0397,"uncertainty_low":null,"uncertainty_high":null,"applicable":true,"drivers":[],"weather_through":"2026-10-04","model_version":"pnw-pilot-t1-calendar-e2c272b7acfa"}},{"type":"Feature","id":"475_-1215","geometry":{"type":"Polygon","coordinates":[[[-121.55,47.45],[-121.45,47.45],[-121.45,47.55],[-121.55,47.55],[-121.55,47.45]]]},"properties":{"group":"cantharellus","week":"2026-10-05","chance":0.0381,"uncertainty_low":null,"uncertainty_high":null,"applicable":true,"drivers":[],"weather_through":"2026-10-04","model_version":"pnw-pilot-t1-calendar-e2c272b7acfa"}},{"type":"Feature","id":"476_-1244","geometry":{"type":"Polygon","coordinates":[[[-124.45,47.55],[-124.35,47.55],[-124.35,47.65],[-124.45,47.65],[-124.45,47.55]]]},"properties":{"group":"cantharellus","week":"2026-10-05","chance":0.131,"uncertainty_low":null,"uncertainty_high":null,"applicable":true,"drivers":[],"weather_through":"2026-10-04","model_version":"pnw-pilot-t1-calendar-e2c272b7acfa"}},{"type":"Feature","id":"476_-1232","geometry":{"type":"Polygon","coordinates":[[[-123.25,47.55],[-123.15,47.55],[-123.15,47.65],[-123.25,47.65],[-123.25,47.55]]]},"properties":{"group":"cantharellus","week":"2026-10-05","chance":0.0253,"uncertainty_low":null,"uncertainty_high":null,"applicable":true,"drivers":[],"weather_through":"2026-10-04","model_version":"pnw-pilot-t1-calendar-e2c272b7acfa"}},{"type":"Feature","id":"476_-1228","geometry":{"type":"Polygon","coordinates":[[[-122.85,47.55],[-122.75,47.55],[-122.75,47.65],[-122.85,47.65],[-122.85,47.55]]]},"properties":{"group":"cantharellus","week":"2026-10-05","chance":0.0619,"uncertainty_low":null,"uncertainty_high":null,"applicable":true,"drivers":[],"weather_through":"2026-10-04","model_version":"pnw-pilot-t1-calendar-e2c272b7acfa"}},{"type":"Feature","id":"476_-1227","geometry":{"type":"Polygon","coordinates":[[[-122.75,47.55],[-122.65,47.55],[-122.65,47.65],[-122.75,47.65],[-122.75,47.55]]]},"properties":{"group":"cantharellus","week":"2026-10-05","chance":0.0583,"uncertainty_low":null,"uncertainty_high":null,"applicable":true,"drivers":[],"weather_through":"2026-10-04","model_version":"pnw-pilot-t1-calendar-e2c272b7acfa"}},{"type":"Feature","id":"476_-1226","geometry":{"type":"Polygon","coordinates":[[[-122.65,47.55],[-122.55,47.55],[-122.55,47.65],[-122.65,47.65],[-122.65,47.55]]]},"properties":{"group":"cantharellus","week":"2026-10-05","chance":0.0583,"uncertainty_low":null,"uncertainty_high":null,"applicable":true,"drivers":[],"weather_through":"2026-10-04","model_version":"pnw-pilot-t1-calendar-e2c272b7acfa"}},{"type":"Feature","id":"476_-1225","geometry":{"type":"Polygon","coordinates":[[[-122.55,47.55],[-122.45,47.55],[-122.45,47.65],[-122.55,47.65],[-122.55,47.55]]]},"properties":{"group":"cantharellus","week":"2026-10-05","chance":0.0258,"uncertainty_low":null,"uncertainty_high":null,"applicable":true,"drivers":[],"weather_through":"2026-10-04","model_version":"pnw-pilot-t1-calendar-e2c272b7acfa"}},{"type":"Feature","id":"476_-1224","geometry":{"type":"Polygon","coordinates":[[[-122.45,47.55],[-122.35,47.55],[-122.35,47.65],[-122.45,47.65],[-122.45,47.55]]]},"properties":{"group":"cantharellus","week":"2026-10-05","chance":0.0213,"uncertainty_low":null,"uncertainty_high":null,"applicable":true,"drivers":[],"weather_through":"2026-10-04","model_version":"pnw-pilot-t1-calendar-e2c272b7acfa"}},{"type":"Feature","id":"476_-1223","geometry":{"type":"Polygon","coordinates":[[[-122.35,47.55],[-122.25,47.55],[-122.25,47.65],[-122.35,47.65],[-122.35,47.55]]]},"properties":{"group":"cantharellus","week":"2026-10-05","chance":0.0179,"uncertainty_low":null,"uncertainty_high":null,"applicable":true,"drivers":[],"weather_through":"2026-10-04","model_version":"pnw-pilot-t1-calendar-e2c272b7acfa"}},{"type":"Feature","id":"476_-1222","geometry":{"type":"Polygon","coordinates":[[[-122.25,47.55],[-122.15,47.55],[-122.15,47.65],[-122.25,47.65],[-122.25,47.55]]]},"properties":{"group":"cantharellus","week":"2026-10-05","chance":0.0179,"uncertainty_low":null,"uncertainty_high":null,"applicable":true,"drivers":[],"weather_through":"2026-10-04","model_version":"pnw-pilot-t1-calendar-e2c272b7acfa"}},{"type":"Feature","id":"476_-1221","geometry":{"type":"Polygon","coordinates":[[[-122.15,47.55],[-122.05,47.55],[-122.05,47.65],[-122.15,47.65],[-122.15,47.55]]]},"properties":{"group":"cantharellus","week":"2026-10-05","chance":0.0182,"uncertainty_low":null,"uncertainty_high":null,"applicable":true,"drivers":[],"weather_through":"2026-10-04","model_version":"pnw-pilot-t1-calendar-e2c272b7acfa"}},{"type":"Feature","id":"476_-1220","geometry":{"type":"Polygon","coordinates":[[[-122.05,47.55],[-121.95,47.55],[-121.95,47.65],[-122.05,47.65],[-122.05,47.55]]]},"properties":{"group":"cantharellus","week":"2026-10-05","chance":0.0251,"uncertainty_low":null,"uncertainty_high":null,"applicable":true,"drivers":[],"weather_through":"2026-10-04","model_version":"pnw-pilot-t1-calendar-e2c272b7acfa"}},{"type":"Feature","id":"476_-1215","geometry":{"type":"Polygon","coordinates":[[[-121.55,47.55],[-121.45,47.55],[-121.45,47.65],[-121.55,47.65],[-121.55,47.55]]]},"properties":{"group":"cantharellus","week":"2026-10-05","chance":0.0283,"uncertainty_low":null,"uncertainty_high":null,"applicable":true,"drivers":[],"weather_through":"2026-10-04","model_version":"pnw-pilot-t1-calendar-e2c272b7acfa"}},{"type":"Feature","id":"477_-1244","geometry":{"type":"Polygon","coordinates":[[[-124.45,47.65],[-124.35,47.65],[-124.35,47.75],[-124.45,47.75],[-124.45,47.65]]]},"properties":{"group":"cantharellus","week":"2026-10-05","chance":0.1064,"uncertainty_low":null,"uncertainty_high":null,"applicable":true,"drivers":[],"weather_through":"2026-10-04","model_version":"pnw-pilot-t1-calendar-e2c272b7acfa"}},{"type":"Feature","id":"477_-1231","geometry":{"type":"Polygon","coordinates":[[[-123.15,47.65],[-123.05,47.65],[-123.05,47.75],[-123.15,47.75],[-123.15,47.65]]]},"properties":{"group":"cantharellus","week":"2026-10-05","chance":0.0228,"uncertainty_low":null,"uncertainty_high":null,"applicable":true,"drivers":[],"weather_through":"2026-10-04","model_version":"pnw-pilot-t1-calendar-e2c272b7acfa"}},{"type":"Feature","id":"477_-1230","geometry":{"type":"Polygon","coordinates":[[[-123.05,47.65],[-122.95,47.65],[-122.95,47.75],[-123.05,47.75],[-123.05,47.65]]]},"properties":{"group":"cantharellus","week":"2026-10-05","chance":0.0511,"uncertainty_low":null,"uncertainty_high":null,"applicable":true,"drivers":[],"weather_through":"2026-10-04","model_version":"pnw-pilot-t1-calendar-e2c272b7acfa"}},{"type":"Feature","id":"477_-1227","geometry":{"type":"Polygon","coordinates":[[[-122.75,47.65],[-122.65,47.65],[-122.65,47.75],[-122.75,47.75],[-122.75,47.65]]]},"properties":{"group":"cantharellus","week":"2026-10-05","chance":0.0526,"uncertainty_low":null,"uncertainty_high":null,"applicable":true,"drivers":[],"weather_through":"2026-10-04","model_version":"pnw-pilot-t1-calendar-e2c272b7acfa"}},{"type":"Feature","id":"477_-1226","geometry":{"type":"Polygon","coordinates":[[[-122.65,47.65],[-122.55,47.65],[-122.55,47.75],[-122.65,47.75],[-122.65,47.65]]]},"properties":{"group":"cantharellus","week":"2026-10-05","chance":0.0526,"uncertainty_low":null,"uncertainty_high":null,"applicable":true,"drivers":[],"weather_through":"2026-10-04","model_version":"pnw-pilot-t1-calendar-e2c272b7acfa"}},{"type":"Feature","id":"477_-1225","geometry":{"type":"Polygon","coordinates":[[[-122.55,47.65],[-122.45,47.65],[-122.45,47.75],[-122.55,47.75],[-122.55,47.65]]]},"properties":{"group":"cantharellus","week":"2026-10-05","chance":0.0257,"uncertainty_low":null,"uncertainty_high":null,"applicable":true,"drivers":[],"weather_through":"2026-10-04","model_version":"pnw-pilot-t1-calendar-e2c272b7acfa"}},{"type":"Feature","id":"477_-1224","geometry":{"type":"Polygon","coordinates":[[[-122.45,47.65],[-122.35,47.65],[-122.35,47.75],[-122.45,47.75],[-122.45,47.65]]]},"properties":{"group":"cantharellus","week":"2026-10-05","chance":0.0212,"uncertainty_low":null,"uncertainty_high":null,"applicable":true,"drivers":[],"weather_through":"2026-10-04","model_version":"pnw-pilot-t1-calendar-e2c272b7acfa"}},{"type":"Feature","id":"477_-1223","geometry":{"type":"Polygon","coordinates":[[[-122.35,47.65],[-122.25,47.65],[-122.25,47.75],[-122.35,47.75],[-122.35,47.65]]]},"properties":{"group":"cantharellus","week":"2026-10-05","chance":0.0179,"uncertainty_low":null,"uncertainty_high":null,"applicable":true,"drivers":[],"weather_through":"2026-10-04","model_version":"pnw-pilot-t1-calendar-e2c272b7acfa"}},{"type":"Feature","id":"477_-1222","geometry":{"type":"Polygon","coordinates":[[[-122.25,47.65],[-122.15,47.65],[-122.15,47.75],[-122.25,47.75],[-122.25,47.65]]]},"properties":{"group":"cantharellus","week":"2026-10-05","chance":0.0179,"uncertainty_low":null,"uncertainty_high":null,"applicable":true,"drivers":[],"weather_through":"2026-10-04","model_version":"pnw-pilot-t1-calendar-e2c272b7acfa"}},{"type":"Feature","id":"477_-1221","geometry":{"type":"Polygon","coordinates":[[[-122.15,47.65],[-122.05,47.65],[-122.05,47.75],[-122.15,47.75],[-122.15,47.65]]]},"properties":{"group":"cantharellus","week":"2026-10-05","chance":0.0181,"uncertainty_low":null,"uncertainty_high":null,"applicable":true,"drivers":[],"weather_through":"2026-10-04","model_version":"pnw-pilot-t1-calendar-e2c272b7acfa"}},{"type":"Feature","id":"477_-1220","geometry":{"type":"Polygon","coordinates":[[[-122.05,47.65],[-121.95,47.65],[-121.95,47.75],[-122.05,47.75],[-122.05,47.65]]]},"properties":{"group":"cantharellus","week":"2026-10-05","chance":0.0251,"uncertainty_low":null,"uncertainty_high":null,"applicable":true,"drivers":[],"weather_through":"2026-10-04","model_version":"pnw-pilot-t1-calendar-e2c272b7acfa"}},{"type":"Feature","id":"477_-1219","geometry":{"type":"Polygon","coordinates":[[[-121.95,47.65],[-121.85,47.65],[-121.85,47.75],[-121.95,47.75],[-121.95,47.65]]]},"properties":{"group":"cantharellus","week":"2026-10-05","chance":0.0278,"uncertainty_low":null,"uncertainty_high":null,"applicable":true,"drivers":[],"weather_through":"2026-10-04","model_version":"pnw-pilot-t1-calendar-e2c272b7acfa"}},{"type":"Feature","id":"477_-1212","geometry":{"type":"Polygon","coordinates":[[[-121.25,47.65],[-121.15,47.65],[-121.15,47.75],[-121.25,47.75],[-121.25,47.65]]]},"properties":{"group":"cantharellus","week":"2026-10-05","chance":0.0254,"uncertainty_low":null,"uncertainty_high":null,"applicable":true,"drivers":[],"weather_through":"2026-10-04","model_version":"pnw-pilot-t1-calendar-e2c272b7acfa"}},{"type":"Feature","id":"478_-1231","geometry":{"type":"Polygon","coordinates":[[[-123.15,47.75],[-123.05,47.75],[-123.05,47.85],[-123.15,47.85],[-123.15,47.75]]]},"properties":{"group":"cantharellus","week":"2026-10-05","chance":0.0228,"uncertainty_low":null,"uncertainty_high":null,"applicable":true,"drivers":[],"weather_through":"2026-10-04","model_version":"pnw-pilot-t1-calendar-e2c272b7acfa"}},{"type":"Feature","id":"478_-1229","geometry":{"type":"Polygon","coordinates":[[[-122.95,47.75],[-122.85,47.75],[-122.85,47.85],[-122.95,47.85],[-122.95,47.75]]]},"properties":{"group":"cantharellus","week":"2026-10-05","chance":0.0517,"uncertainty_low":null,"uncertainty_high":null,"applicable":true,"drivers":[],"weather_through":"2026-10-04","model_version":"pnw-pilot-t1-calendar-e2c272b7acfa"}},{"type":"Feature","id":"478_-1226","geometry":{"type":"Polygon","coordinates":[[[-122.65,47.75],[-122.55,47.75],[-122.55,47.85],[-122.65,47.85],[-122.65,47.75]]]},"properties":{"group":"cantharellus","week":"2026-10-05","chance":0.0526,"uncertainty_low":null,"uncertainty_high":null,"applicable":true,"drivers":[],"weather_through":"2026-10-04","model_version":"pnw-pilot-t1-calendar-e2c272b7acfa"}},{"type":"Feature","id":"478_-1225","geometry":{"type":"Polygon","coordinates":[[[-122.55,47.75],[-122.45,47.75],[-122.45,47.85],[-122.55,47.85],[-122.55,47.75]]]},"properties":{"group":"cantharellus","week":"2026-10-05","chance":0.0257,"uncertainty_low":null,"uncertainty_high":null,"applicable":true,"drivers":[],"weather_through":"2026-10-04","model_version":"pnw-pilot-t1-calendar-e2c272b7acfa"}},{"type":"Feature","id":"478_-1224","geometry":{"type":"Polygon","coordinates":[[[-122.45,47.75],[-122.35,47.75],[-122.35,47.85],[-122.45,47.85],[-122.45,47.75]]]},"properties":{"group":"cantharellus","week":"2026-10-05","chance":0.0212,"uncertainty_low":null,"uncertainty_high":null,"applicable":true,"drivers":[],"weather_through":"2026-10-04","model_version":"pnw-pilot-t1-calendar-e2c272b7acfa"}},{"type":"Feature","id":"478_-1223","geometry":{"type":"Polygon","coordinates":[[[-122.35,47.75],[-122.25,47.75],[-122.25,47.85],[-122.35,47.85],[-122.35,47.75]]]},"properties":{"group":"cantharellus","week":"2026-10-05","chance":0.0179,"uncertainty_low":null,"uncertainty_high":null,"applicable":true,"drivers":[],"weather_through":"2026-10-04","model_version":"pnw-pilot-t1-calendar-e2c272b7acfa"}},{"type":"Feature","id":"478_-1222","geometry":{"type":"Polygon","coordinates":[[[-122.25,47.75],[-122.15,47.75],[-122.15,47.85],[-122.25,47.85],[-122.25,47.75]]]},"properties":{"group":"cantharellus","week":"2026-10-05","chance":0.0179,"uncertainty_low":null,"uncertainty_high":null,"applicable":true,"drivers":[],"weather_through":"2026-10-04","model_version":"pnw-pilot-t1-calendar-e2c272b7acfa"}},{"type":"Feature","id":"478_-1221","geometry":{"type":"Polygon","coordinates":[[[-122.15,47.75],[-122.05,47.75],[-122.05,47.85],[-122.15,47.85],[-122.15,47.75]]]},"properties":{"group":"cantharellus","week":"2026-10-05","chance":0.0181,"uncertainty_low":null,"uncertainty_high":null,"applicable":true,"drivers":[],"weather_through":"2026-10-04","model_version":"pnw-pilot-t1-calendar-e2c272b7acfa"}},{"type":"Feature","id":"478_-1220","geometry":{"type":"Polygon","coordinates":[[[-122.05,47.75],[-121.95,47.75],[-121.95,47.85],[-122.05,47.85],[-122.05,47.75]]]},"properties":{"group":"cantharellus","week":"2026-10-05","chance":0.0251,"uncertainty_low":null,"uncertainty_high":null,"applicable":true,"drivers":[],"weather_through":"2026-10-04","model_version":"pnw-pilot-t1-calendar-e2c272b7acfa"}},{"type":"Feature","id":"478_-1219","geometry":{"type":"Polygon","coordinates":[[[-121.95,47.75],[-121.85,47.75],[-121.85,47.85],[-121.95,47.85],[-121.95,47.75]]]},"properties":{"group":"cantharellus","week":"2026-10-05","chance":0.0278,"uncertainty_low":null,"uncertainty_high":null,"applicable":true,"drivers":[],"weather_through":"2026-10-04","model_version":"pnw-pilot-t1-calendar-e2c272b7acfa"}},{"type":"Feature","id":"478_-1216","geometry":{"type":"Polygon","coordinates":[[[-121.65,47.75],[-121.55,47.75],[-121.55,47.85],[-121.65,47.85],[-121.65,47.75]]]},"properties":{"group":"cantharellus","week":"2026-10-05","chance":0.0305,"uncertainty_low":null,"uncertainty_high":null,"applicable":true,"drivers":[],"weather_through":"2026-10-04","model_version":"pnw-pilot-t1-calendar-e2c272b7acfa"}},{"type":"Feature","id":"479_-1246","geometry":{"type":"Polygon","coordinates":[[[-124.65,47.85],[-124.55,47.85],[-124.55,47.95],[-124.65,47.95],[-124.65,47.85]]]},"properties":{"group":"cantharellus","week":"2026-10-05","chance":0.0799,"uncertainty_low":null,"uncertainty_high":null,"applicable":true,"drivers":[],"weather_through":"2026-10-04","model_version":"pnw-pilot-t1-calendar-e2c272b7acfa"}},{"type":"Feature","id":"479_-1239","geometry":{"type":"Polygon","coordinates":[[[-123.95,47.85],[-123.85,47.85],[-123.85,47.95],[-123.95,47.95],[-123.95,47.85]]]},"properties":{"group":"cantharellus","week":"2026-10-05","chance":0.0687,"uncertainty_low":null,"uncertainty_high":null,"applicable":true,"drivers":[],"weather_through":"2026-10-04","model_version":"pnw-pilot-t1-calendar-e2c272b7acfa"}},{"type":"Feature","id":"479_-1238","geometry":{"type":"Polygon","coordinates":[[[-123.85,47.85],[-123.75,47.85],[-123.75,47.95],[-123.85,47.95],[-123.85,47.85]]]},"properties":{"group":"cantharellus","week":"2026-10-05","chance":0.0668,"uncertainty_low":null,"uncertainty_high":null,"applicable":true,"drivers":[],"weather_through":"2026-10-04","model_version":"pnw-pilot-t1-calendar-e2c272b7acfa"}},{"type":"Feature","id":"479_-1231","geometry":{"type":"Polygon","coordinates":[[[-123.15,47.85],[-123.05,47.85],[-123.05,47.95],[-123.15,47.95],[-123.15,47.85]]]},"properties":{"group":"cantharellus","week":"2026-10-05","chance":0.0158,"uncertainty_low":null,"uncertainty_high":null,"applicable":true,"drivers":[],"weather_through":"2026-10-04","model_version":"pnw-pilot-t1-calendar-e2c272b7acfa"}},{"type":"Feature","id":"479_-1226","geometry":{"type":"Polygon","coordinates":[[[-122.65,47.85],[-122.55,47.85],[-122.55,47.95],[-122.65,47.95],[-122.65,47.85]]]},"properties":{"group":"cantharellus","week":"2026-10-05","chance":0.0217,"uncertainty_low":null,"uncertainty_high":null,"applicable":true,"drivers":[],"weather_through":"2026-10-04","model_version":"pnw-pilot-t1-calendar-e2c272b7acfa"}},{"type":"Feature","id":"479_-1223","geometry":{"type":"Polygon","coordinates":[[[-122.35,47.85],[-122.25,47.85],[-122.25,47.95],[-122.35,47.95],[-122.35,47.85]]]},"properties":{"group":"cantharellus","week":"2026-10-05","chance":0.0175,"uncertainty_low":null,"uncertainty_high":null,"applicable":true,"drivers":[],"weather_through":"2026-10-04","model_version":"pnw-pilot-t1-calendar-e2c272b7acfa"}},{"type":"Feature","id":"479_-1222","geometry":{"type":"Polygon","coordinates":[[[-122.25,47.85],[-122.15,47.85],[-122.15,47.95],[-122.25,47.95],[-122.25,47.85]]]},"properties":{"group":"cantharellus","week":"2026-10-05","chance":0.0175,"uncertainty_low":null,"uncertainty_high":null,"applicable":true,"drivers":[],"weather_through":"2026-10-04","model_version":"pnw-pilot-t1-calendar-e2c272b7acfa"}},{"type":"Feature","id":"479_-1221","geometry":{"type":"Polygon","coordinates":[[[-122.15,47.85],[-122.05,47.85],[-122.05,47.95],[-122.15,47.95],[-122.15,47.85]]]},"properties":{"group":"cantharellus","week":"2026-10-05","chance":0.0178,"uncertainty_low":null,"uncertainty_high":null,"applicable":true,"drivers":[],"weather_through":"2026-10-04","model_version":"pnw-pilot-t1-calendar-e2c272b7acfa"}},{"type":"Feature","id":"479_-1220","geometry":{"type":"Polygon","coordinates":[[[-122.05,47.85],[-121.95,47.85],[-121.95,47.95],[-122.05,47.95],[-122.05,47.85]]]},"properties":{"group":"cantharellus","week":"2026-10-05","chance":0.03,"uncertainty_low":null,"uncertainty_high":null,"applicable":true,"drivers":[],"weather_through":"2026-10-04","model_version":"pnw-pilot-t1-calendar-e2c272b7acfa"}},{"type":"Feature","id":"479_-1217","geometry":{"type":"Polygon","coordinates":[[[-121.75,47.85],[-121.65,47.85],[-121.65,47.95],[-121.75,47.95],[-121.75,47.85]]]},"properties":{"group":"cantharellus","week":"2026-10-05","chance":0.0292,"uncertainty_low":null,"uncertainty_high":null,"applicable":true,"drivers":[],"weather_through":"2026-10-04","model_version":"pnw-pilot-t1-calendar-e2c272b7acfa"}},{"type":"Feature","id":"480_-1239","geometry":{"type":"Polygon","coordinates":[[[-123.95,47.95],[-123.85,47.95],[-123.85,48.05],[-123.95,48.05],[-123.95,47.95]]]},"properties":{"group":"cantharellus","week":"2026-10-05","chance":0.0748,"uncertainty_low":null,"uncertainty_high":null,"applicable":true,"drivers":[],"weather_through":"2026-10-04","model_version":"pnw-pilot-t1-calendar-e2c272b7acfa"}},{"type":"Feature","id":"480_-1238","geometry":{"type":"Polygon","coordinates":[[[-123.85,47.95],[-123.75,47.95],[-123.75,48.05],[-123.85,48.05],[-123.85,47.95]]]},"properties":{"group":"cantharellus","week":"2026-10-05","chance":0.0748,"uncertainty_low":null,"uncertainty_high":null,"applicable":true,"drivers":[],"weather_through":"2026-10-04","model_version":"pnw-pilot-t1-calendar-e2c272b7acfa"}},{"type":"Feature","id":"480_-1236","geometry":{"type":"Polygon","coordinates":[[[-123.65,47.95],[-123.55,47.95],[-123.55,48.05],[-123.65,48.05],[-123.65,47.95]]]},"properties":{"group":"cantharellus","week":"2026-10-05","chance":0.0697,"uncertainty_low":null,"uncertainty_high":null,"applicable":true,"drivers":[],"weather_through":"2026-10-04","model_version":"pnw-pilot-t1-calendar-e2c272b7acfa"}},{"type":"Feature","id":"480_-1235","geometry":{"type":"Polygon","coordinates":[[[-123.55,47.95],[-123.45,47.95],[-123.45,48.05],[-123.55,48.05],[-123.55,47.95]]]},"properties":{"group":"cantharellus","week":"2026-10-05","chance":0.0519,"uncertainty_low":null,"uncertainty_high":null,"applicable":true,"drivers":[],"weather_through":"2026-10-04","model_version":"pnw-pilot-t1-calendar-e2c272b7acfa"}},{"type":"Feature","id":"480_-1234","geometry":{"type":"Polygon","coordinates":[[[-123.45,47.95],[-123.35,47.95],[-123.35,48.05],[-123.45,48.05],[-123.45,47.95]]]},"properties":{"group":"cantharellus","week":"2026-10-05","chance":0.029,"uncertainty_low":null,"uncertainty_high":null,"applicable":true,"drivers":[],"weather_through":"2026-10-04","model_version":"pnw-pilot-t1-calendar-e2c272b7acfa"}},{"type":"Feature","id":"480_-1232","geometry":{"type":"Polygon","coordinates":[[[-123.25,47.95],[-123.15,47.95],[-123.15,48.05],[-123.25,48.05],[-123.25,47.95]]]},"properties":{"group":"cantharellus","week":"2026-10-05","chance":0.0175,"uncertainty_low":null,"uncertainty_high":null,"applicable":true,"drivers":[],"weather_through":"2026-10-04","model_version":"pnw-pilot-t1-calendar-e2c272b7acfa"}},{"type":"Feature","id":"480_-1231","geometry":{"type":"Polygon","coordinates":[[[-123.15,47.95],[-123.05,47.95],[-123.05,48.05],[-123.15,48.05],[-123.15,47.95]]]},"properties":{"group":"cantharellus","week":"2026-10-05","chance":0.0175,"uncertainty_low":null,"uncertainty_high":null,"applicable":true,"drivers":[],"weather_through":"2026-10-04","model_version":"pnw-pilot-t1-calendar-e2c272b7acfa"}},{"type":"Feature","id":"480_-1228","geometry":{"type":"Polygon","coordinates":[[[-122.85,47.95],[-122.75,47.95],[-122.75,48.05],[-122.85,48.05],[-122.85,47.95]]]},"properties":{"group":"cantharellus","week":"2026-10-05","chance":0.025,"uncertainty_low":null,"uncertainty_high":null,"applicable":true,"drivers":[],"weather_through":"2026-10-04","model_version":"pnw-pilot-t1-calendar-e2c272b7acfa"}},{"type":"Feature","id":"480_-1227","geometry":{"type":"Polygon","coordinates":[[[-122.75,47.95],[-122.65,47.95],[-122.65,48.05],[-122.75,48.05],[-122.75,47.95]]]},"properties":{"group":"cantharellus","week":"2026-10-05","chance":0.0242,"uncertainty_low":null,"uncertainty_high":null,"applicable":true,"drivers":[],"weather_through":"2026-10-04","model_version":"pnw-pilot-t1-calendar-e2c272b7acfa"}},{"type":"Feature","id":"480_-1225","geometry":{"type":"Polygon","coordinates":[[[-122.55,47.95],[-122.45,47.95],[-122.45,48.05],[-122.55,48.05],[-122.55,47.95]]]},"properties":{"group":"cantharellus","week":"2026-10-05","chance":0.0283,"uncertainty_low":null,"uncertainty_high":null,"applicable":true,"drivers":[],"weather_through":"2026-10-04","model_version":"pnw-pilot-t1-calendar-e2c272b7acfa"}},{"type":"Feature","id":"480_-1224","geometry":{"type":"Polygon","coordinates":[[[-122.45,47.95],[-122.35,47.95],[-122.35,48.05],[-122.45,48.05],[-122.45,47.95]]]},"properties":{"group":"cantharellus","week":"2026-10-05","chance":0.0257,"uncertainty_low":null,"uncertainty_high":null,"applicable":true,"drivers":[],"weather_through":"2026-10-04","model_version":"pnw-pilot-t1-calendar-e2c272b7acfa"}},{"type":"Feature","id":"480_-1222","geometry":{"type":"Polygon","coordinates":[[[-122.25,47.95],[-122.15,47.95],[-122.15,48.05],[-122.25,48.05],[-122.25,47.95]]]},"properties":{"group":"cantharellus","week":"2026-10-05","chance":0.0207,"uncertainty_low":null,"uncertainty_high":null,"applicable":true,"drivers":[],"weather_through":"2026-10-04","model_version":"pnw-pilot-t1-calendar-e2c272b7acfa"}},{"type":"Feature","id":"480_-1221","geometry":{"type":"Polygon","coordinates":[[[-122.15,47.95],[-122.05,47.95],[-122.05,48.05],[-122.15,48.05],[-122.15,47.95]]]},"properties":{"group":"cantharellus","week":"2026-10-05","chance":0.021,"uncertainty_low":null,"uncertainty_high":null,"applicable":true,"drivers":[],"weather_through":"2026-10-04","model_version":"pnw-pilot-t1-calendar-e2c272b7acfa"}},{"type":"Feature","id":"481_-1240","geometry":{"type":"Polygon","coordinates":[[[-124.05,48.05],[-123.95,48.05],[-123.95,48.15],[-124.05,48.15],[-124.05,48.05]]]},"properties":{"group":"cantharellus","week":"2026-10-05","chance":0.0716,"uncertainty_low":null,"uncertainty_high":null,"applicable":true,"drivers":[],"weather_through":"2026-10-04","model_version":"pnw-pilot-t1-calendar-e2c272b7acfa"}},{"type":"Feature","id":"481_-1238","geometry":{"type":"Polygon","coordinates":[[[-123.85,48.05],[-123.75,48.05],[-123.75,48.15],[-123.85,48.15],[-123.85,48.05]]]},"properties":{"group":"cantharellus","week":"2026-10-05","chance":0.0748,"uncertainty_low":null,"uncertainty_high":null,"applicable":true,"drivers":[],"weather_through":"2026-10-04","model_version":"pnw-pilot-t1-calendar-e2c272b7acfa"}},{"type":"Feature","id":"481_-1236","geometry":{"type":"Polygon","coordinates":[[[-123.65,48.05],[-123.55,48.05],[-123.55,48.15],[-123.65,48.15],[-123.65,48.05]]]},"properties":{"group":"cantharellus","week":"2026-10-05","chance":0.0697,"uncertainty_low":null,"uncertainty_high":null,"applicable":true,"drivers":[],"weather_through":"2026-10-04","model_version":"pnw-pilot-t1-calendar-e2c272b7acfa"}},{"type":"Feature","id":"481_-1235","geometry":{"type":"Polygon","coordinates":[[[-123.55,48.05],[-123.45,48.05],[-123.45,48.15],[-123.55,48.15],[-123.55,48.05]]]},"properties":{"group":"cantharellus","week":"2026-10-05","chance":0.0508,"uncertainty_low":null,"uncertainty_high":null,"applicable":true,"drivers":[],"weather_through":"2026-10-04","model_version":"pnw-pilot-t1-calendar-e2c272b7acfa"}},{"type":"Feature","id":"481_-1234","geometry":{"type":"Polygon","coordinates":[[[-123.45,48.05],[-123.35,48.05],[-123.35,48.15],[-123.45,48.15],[-123.45,48.05]]]},"properties":{"group":"cantharellus","week":"2026-10-05","chance":0.0237,"uncertainty_low":null,"uncertainty_high":null,"applicable":true,"drivers":[],"weather_through":"2026-10-04","model_version":"pnw-pilot-t1-calendar-e2c272b7acfa"}},{"type":"Feature","id":"481_-1232","geometry":{"type":"Polygon","coordinates":[[[-123.25,48.05],[-123.15,48.05],[-123.15,48.15],[-123.25,48.15],[-123.25,48.05]]]},"properties":{"group":"cantharellus","week":"2026-10-05","chance":0.0147,"uncertainty_low":null,"uncertainty_high":null,"applicable":true,"drivers":[],"weather_through":"2026-10-04","model_version":"pnw-pilot-t1-calendar-e2c272b7acfa"}},{"type":"Feature","id":"481_-1229","geometry":{"type":"Polygon","coordinates":[[[-122.95,48.05],[-122.85,48.05],[-122.85,48.15],[-122.95,48.15],[-122.95,48.05]]]},"properties":{"group":"cantharellus","week":"2026-10-05","chance":0.0259,"uncertainty_low":null,"uncertainty_high":null,"applicable":true,"drivers":[],"weather_through":"2026-10-04","model_version":"pnw-pilot-t1-calendar-e2c272b7acfa"}},{"type":"Feature","id":"481_-1228","geometry":{"type":"Polygon","coordinates":[[[-122.85,48.05],[-122.75,48.05],[-122.75,48.15],[-122.85,48.15],[-122.85,48.05]]]},"properties":{"group":"cantharellus","week":"2026-10-05","chance":0.0239,"uncertainty_low":null,"uncertainty_high":null,"applicable":true,"drivers":[],"weather_through":"2026-10-04","model_version":"pnw-pilot-t1-calendar-e2c272b7acfa"}},{"type":"Feature","id":"481_-1227","geometry":{"type":"Polygon","coordinates":[[[-122.75,48.05],[-122.65,48.05],[-122.65,48.15],[-122.75,48.15],[-122.75,48.05]]]},"properties":{"group":"cantharellus","week":"2026-10-05","chance":0.0239,"uncertainty_low":null,"uncertainty_high":null,"applicable":true,"drivers":[],"weather_through":"2026-10-04","model_version":"pnw-pilot-t1-calendar-e2c272b7acfa"}},{"type":"Feature","id":"481_-1226","geometry":{"type":"Polygon","coordinates":[[[-122.65,48.05],[-122.55,48.05],[-122.55,48.15],[-122.65,48.15],[-122.65,48.05]]]},"properties":{"group":"cantharellus","week":"2026-10-05","chance":0.0239,"uncertainty_low":null,"uncertainty_high":null,"applicable":true,"drivers":[],"weather_through":"2026-10-04","model_version":"pnw-pilot-t1-calendar-e2c272b7acfa"}},{"type":"Feature","id":"481_-1225","geometry":{"type":"Polygon","coordinates":[[[-122.55,48.05],[-122.45,48.05],[-122.45,48.15],[-122.55,48.15],[-122.55,48.05]]]},"properties":{"group":"cantharellus","week":"2026-10-05","chance":0.0326,"uncertainty_low":null,"uncertainty_high":null,"applicable":true,"drivers":[],"weather_through":"2026-10-04","model_version":"pnw-pilot-t1-calendar-e2c272b7acfa"}},{"type":"Feature","id":"481_-1219","geometry":{"type":"Polygon","coordinates":[[[-121.95,48.05],[-121.85,48.05],[-121.85,48.15],[-121.95,48.15],[-121.95,48.05]]]},"properties":{"group":"cantharellus","week":"2026-10-05","chance":0.0455,"uncertainty_low":null,"uncertainty_high":null,"applicable":true,"drivers":[],"weather_through":"2026-10-04","model_version":"pnw-pilot-t1-calendar-e2c272b7acfa"}},{"type":"Feature","id":"481_-1218","geometry":{"type":"Polygon","coordinates":[[[-121.85,48.05],[-121.75,48.05],[-121.75,48.15],[-121.85,48.15],[-121.85,48.05]]]},"properties":{"group":"cantharellus","week":"2026-10-05","chance":0.0424,"uncertainty_low":null,"uncertainty_high":null,"applicable":true,"drivers":[],"weather_through":"2026-10-04","model_version":"pnw-pilot-t1-calendar-e2c272b7acfa"}},{"type":"Feature","id":"481_-1215","geometry":{"type":"Polygon","coordinates":[[[-121.55,48.05],[-121.45,48.05],[-121.45,48.15],[-121.55,48.15],[-121.55,48.05]]]},"properties":{"group":"cantharellus","week":"2026-10-05","chance":0.0352,"uncertainty_low":null,"uncertainty_high":null,"applicable":true,"drivers":[],"weather_through":"2026-10-04","model_version":"pnw-pilot-t1-calendar-e2c272b7acfa"}},{"type":"Feature","id":"482_-1237","geometry":{"type":"Polygon","coordinates":[[[-123.75,48.15],[-123.65,48.15],[-123.65,48.25],[-123.75,48.25],[-123.75,48.15]]]},"properties":{"group":"cantharellus","week":"2026-10-05","chance":0.0656,"uncertainty_low":null,"uncertainty_high":null,"applicable":true,"drivers":[],"weather_through":"2026-10-04","model_version":"pnw-pilot-t1-calendar-e2c272b7acfa"}},{"type":"Feature","id":"482_-1227","geometry":{"type":"Polygon","coordinates":[[[-122.75,48.15],[-122.65,48.15],[-122.65,48.25],[-122.75,48.25],[-122.75,48.15]]]},"properties":{"group":"cantharellus","week":"2026-10-05","chance":0.0233,"uncertainty_low":null,"uncertainty_high":null,"applicable":true,"drivers":[],"weather_through":"2026-10-04","model_version":"pnw-pilot-t1-calendar-e2c272b7acfa"}},{"type":"Feature","id":"482_-1225","geometry":{"type":"Polygon","coordinates":[[[-122.55,48.15],[-122.45,48.15],[-122.45,48.25],[-122.55,48.25],[-122.55,48.15]]]},"properties":{"group":"cantharellus","week":"2026-10-05","chance":0.0318,"uncertainty_low":null,"uncertainty_high":null,"applicable":true,"drivers":[],"weather_through":"2026-10-04","model_version":"pnw-pilot-t1-calendar-e2c272b7acfa"}},{"type":"Feature","id":"482_-1221","geometry":{"type":"Polygon","coordinates":[[[-122.15,48.15],[-122.05,48.15],[-122.05,48.25],[-122.15,48.25],[-122.15,48.15]]]},"properties":{"group":"cantharellus","week":"2026-10-05","chance":0.0242,"uncertainty_low":null,"uncertainty_high":null,"applicable":true,"drivers":[],"weather_through":"2026-10-04","model_version":"pnw-pilot-t1-calendar-e2c272b7acfa"}},{"type":"Feature","id":"483_-1237","geometry":{"type":"Polygon","coordinates":[[[-123.75,48.25],[-123.65,48.25],[-123.65,48.35],[-123.75,48.35],[-123.75,48.25]]]},"properties":{"group":"cantharellus","week":"2026-10-05","chance":0.0739,"uncertainty_low":null,"uncertainty_high":null,"applicable":true,"drivers":[],"weather_through":"2026-10-04","model_version":"pnw-pilot-t1-calendar-e2c272b7acfa"}},{"type":"Feature","id":"483_-1236","geometry":{"type":"Polygon","coordinates":[[[-123.65,48.25],[-123.55,48.25],[-123.55,48.35],[-123.65,48.35],[-123.65,48.25]]]},"properties":{"group":"cantharellus","week":"2026-10-05","chance":0.0626,"uncertainty_low":null,"uncertainty_high":null,"applicable":true,"drivers":[],"weather_through":"2026-10-04","model_version":"pnw-pilot-t1-calendar-e2c272b7acfa"}},{"type":"Feature","id":"483_-1235","geometry":{"type":"Polygon","coordinates":[[[-123.55,48.25],[-123.45,48.25],[-123.45,48.35],[-123.55,48.35],[-123.55,48.25]]]},"properties":{"group":"cantharellus","week":"2026-10-05","chance":0.0455,"uncertainty_low":null,"uncertainty_high":null,"applicable":true,"drivers":[],"weather_through":"2026-10-04","model_version":"pnw-pilot-t1-calendar-e2c272b7acfa"}},{"type":"Feature","id":"483_-1225","geometry":{"type":"Polygon","coordinates":[[[-122.55,48.25],[-122.45,48.25],[-122.45,48.35],[-122.55,48.35],[-122.55,48.25]]]},"properties":{"group":"cantharellus","week":"2026-10-05","chance":0.0345,"uncertainty_low":null,"uncertainty_high":null,"applicable":true,"drivers":[],"weather_through":"2026-10-04","model_version":"pnw-pilot-t1-calendar-e2c272b7acfa"}},{"type":"Feature","id":"484_-1241","geometry":{"type":"Polygon","coordinates":[[[-124.15,48.35],[-124.05,48.35],[-124.05,48.45],[-124.15,48.45],[-124.15,48.35]]]},"properties":{"group":"cantharellus","week":"2026-10-05","chance":0.0782,"uncertainty_low":null,"uncertainty_high":null,"applicable":true,"drivers":[],"weather_through":"2026-10-04","model_version":"pnw-pilot-t1-calendar-e2c272b7acfa"}},{"type":"Feature","id":"484_-1239","geometry":{"type":"Polygon","coordinates":[[[-123.95,48.35],[-123.85,48.35],[-123.85,48.45],[-123.95,48.45],[-123.95,48.35]]]},"properties":{"group":"cantharellus","week":"2026-10-05","chance":0.0715,"uncertainty_low":null,"uncertainty_high":null,"applicable":true,"drivers":[],"weather_through":"2026-10-04","model_version":"pnw-pilot-t1-calendar-e2c272b7acfa"}},{"type":"Feature","id":"484_-1238","geometry":{"type":"Polygon","coordinates":[[[-123.85,48.35],[-123.75,48.35],[-123.75,48.45],[-123.85,48.45],[-123.85,48.35]]]},"properties":{"group":"cantharellus","week":"2026-10-05","chance":0.0715,"uncertainty_low":null,"uncertainty_high":null,"applicable":true,"drivers":[],"weather_through":"2026-10-04","model_version":"pnw-pilot-t1-calendar-e2c272b7acfa"}},{"type":"Feature","id":"484_-1237","geometry":{"type":"Polygon","coordinates":[[[-123.75,48.35],[-123.65,48.35],[-123.65,48.45],[-123.75,48.45],[-123.75,48.35]]]},"properties":{"group":"cantharellus","week":"2026-10-05","chance":0.0715,"uncertainty_low":null,"uncertainty_high":null,"applicable":true,"drivers":[],"weather_through":"2026-10-04","model_version":"pnw-pilot-t1-calendar-e2c272b7acfa"}},{"type":"Feature","id":"484_-1236","geometry":{"type":"Polygon","coordinates":[[[-123.65,48.35],[-123.55,48.35],[-123.55,48.45],[-123.65,48.45],[-123.65,48.35]]]},"properties":{"group":"cantharellus","week":"2026-10-05","chance":0.0568,"uncertainty_low":null,"uncertainty_high":null,"applicable":true,"drivers":[],"weather_through":"2026-10-04","model_version":"pnw-pilot-t1-calendar-e2c272b7acfa"}},{"type":"Feature","id":"484_-1235","geometry":{"type":"Polygon","coordinates":[[[-123.55,48.35],[-123.45,48.35],[-123.45,48.45],[-123.55,48.45],[-123.55,48.35]]]},"properties":{"group":"cantharellus","week":"2026-10-05","chance":0.0397,"uncertainty_low":null,"uncertainty_high":null,"applicable":true,"drivers":[],"weather_through":"2026-10-04","model_version":"pnw-pilot-t1-calendar-e2c272b7acfa"}},{"type":"Feature","id":"484_-1234","geometry":{"type":"Polygon","coordinates":[[[-123.45,48.35],[-123.35,48.35],[-123.35,48.45],[-123.45,48.45],[-123.45,48.35]]]},"properties":{"group":"cantharellus","week":"2026-10-05","chance":0.018,"uncertainty_low":null,"uncertainty_high":null,"applicable":true,"drivers":[],"weather_through":"2026-10-04","model_version":"pnw-pilot-t1-calendar-e2c272b7acfa"}},{"type":"Feature","id":"484_-1233","geometry":{"type":"Polygon","coordinates":[[[-123.35,48.35],[-123.25,48.35],[-123.25,48.45],[-123.35,48.45],[-123.35,48.35]]]},"properties":{"group":"cantharellus","week":"2026-10-05","chance":0.0134,"uncertainty_low":null,"uncertainty_high":null,"applicable":true,"drivers":[],"weather_through":"2026-10-04","model_version":"pnw-pilot-t1-calendar-e2c272b7acfa"}},{"type":"Feature","id":"484_-1227","geometry":{"type":"Polygon","coordinates":[[[-122.75,48.35],[-122.65,48.35],[-122.65,48.45],[-122.75,48.45],[-122.75,48.35]]]},"properties":{"group":"cantharellus","week":"2026-10-05","chance":0.021,"uncertainty_low":null,"uncertainty_high":null,"applicable":true,"drivers":[],"weather_through":"2026-10-04","model_version":"pnw-pilot-t1-calendar-e2c272b7acfa"}},{"type":"Feature","id":"484_-1226","geometry":{"type":"Polygon","coordinates":[[[-122.65,48.35],[-122.55,48.35],[-122.55,48.45],[-122.65,48.45],[-122.65,48.35]]]},"properties":{"group":"cantharellus","week":"2026-10-05","chance":0.021,"uncertainty_low":null,"uncertainty_high":null,"applicable":true,"drivers":[],"weather_through":"2026-10-04","model_version":"pnw-pilot-t1-calendar-e2c272b7acfa"}},{"type":"Feature","id":"484_-1223","geometry":{"type":"Polygon","coordinates":[[[-122.35,48.35],[-122.25,48.35],[-122.25,48.45],[-122.35,48.45],[-122.35,48.35]]]},"properties":{"group":"cantharellus","week":"2026-10-05","chance":0.0248,"uncertainty_low":null,"uncertainty_high":null,"applicable":true,"drivers":[],"weather_through":"2026-10-04","model_version":"pnw-pilot-t1-calendar-e2c272b7acfa"}},{"type":"Feature","id":"485_-1244","geometry":{"type":"Polygon","coordinates":[[[-124.45,48.45],[-124.35,48.45],[-124.35,48.55],[-124.45,48.55],[-124.45,48.45]]]},"properties":{"group":"cantharellus","week":"2026-10-05","chance":0.0723,"uncertainty_low":null,"uncertainty_high":null,"applicable":true,"drivers":[],"weather_through":"2026-10-04","model_version":"pnw-pilot-t1-calendar-e2c272b7acfa"}},{"type":"Feature","id":"485_-1243","geometry":{"type":"Polygon","coordinates":[[[-124.35,48.45],[-124.25,48.45],[-124.25,48.55],[-124.35,48.55],[-124.35,48.45]]]},"properties":{"group":"cantharellus","week":"2026-10-05","chance":0.0773,"uncertainty_low":null,"uncertainty_high":null,"applicable":true,"drivers":[],"weather_through":"2026-10-04","model_version":"pnw-pilot-t1-calendar-e2c272b7acfa"}},{"type":"Feature","id":"485_-1242","geometry":{"type":"Polygon","coordinates":[[[-124.25,48.45],[-124.15,48.45],[-124.15,48.55],[-124.25,48.55],[-124.25,48.45]]]},"properties":{"group":"cantharellus","week":"2026-10-05","chance":0.0928,"uncertainty_low":null,"uncertainty_high":null,"applicable":true,"drivers":[],"weather_through":"2026-10-04","model_version":"pnw-pilot-t1-calendar-e2c272b7acfa"}},{"type":"Feature","id":"485_-1237","geometry":{"type":"Polygon","coordinates":[[[-123.75,48.45],[-123.65,48.45],[-123.65,48.55],[-123.75,48.55],[-123.75,48.45]]]},"properties":{"group":"cantharellus","week":"2026-10-05","chance":0.0715,"uncertainty_low":null,"uncertainty_high":null,"applicable":true,"drivers":[],"weather_through":"2026-10-04","model_version":"pnw-pilot-t1-calendar-e2c272b7acfa"}},{"type":"Feature","id":"485_-1236","geometry":{"type":"Polygon","coordinates":[[[-123.65,48.45],[-123.55,48.45],[-123.55,48.55],[-123.65,48.55],[-123.65,48.45]]]},"properties":{"group":"cantharellus","week":"2026-10-05","chance":0.0568,"uncertainty_low":null,"uncertainty_high":null,"applicable":true,"drivers":[],"weather_through":"2026-10-04","model_version":"pnw-pilot-t1-calendar-e2c272b7acfa"}},{"type":"Feature","id":"485_-1235","geometry":{"type":"Polygon","coordinates":[[[-123.55,48.45],[-123.45,48.45],[-123.45,48.55],[-123.55,48.55],[-123.55,48.45]]]},"properties":{"group":"cantharellus","week":"2026-10-05","chance":0.0397,"uncertainty_low":null,"uncertainty_high":null,"applicable":true,"drivers":[],"weather_through":"2026-10-04","model_version":"pnw-pilot-t1-calendar-e2c272b7acfa"}},{"type":"Feature","id":"485_-1234","geometry":{"type":"Polygon","coordinates":[[[-123.45,48.45],[-123.35,48.45],[-123.35,48.55],[-123.45,48.55],[-123.45,48.45]]]},"properties":{"group":"cantharellus","week":"2026-10-05","chance":0.018,"uncertainty_low":null,"uncertainty_high":null,"applicable":true,"drivers":[],"weather_through":"2026-10-04","model_version":"pnw-pilot-t1-calendar-e2c272b7acfa"}},{"type":"Feature","id":"485_-1233","geometry":{"type":"Polygon","coordinates":[[[-123.35,48.45],[-123.25,48.45],[-123.25,48.55],[-123.35,48.55],[-123.35,48.45]]]},"properties":{"group":"cantharellus","week":"2026-10-05","chance":0.0134,"uncertainty_low":null,"uncertainty_high":null,"applicable":true,"drivers":[],"weather_through":"2026-10-04","model_version":"pnw-pilot-t1-calendar-e2c272b7acfa"}},{"type":"Feature","id":"485_-1231","geometry":{"type":"Polygon","coordinates":[[[-123.15,48.45],[-123.05,48.45],[-123.05,48.55],[-123.15,48.55],[-123.15,48.45]]]},"properties":{"group":"cantharellus","week":"2026-10-05","chance":0.0132,"uncertainty_low":null,"uncertainty_high":null,"applicable":true,"drivers":[],"weather_through":"2026-10-04","model_version":"pnw-pilot-t1-calendar-e2c272b7acfa"}},{"type":"Feature","id":"485_-1230","geometry":{"type":"Polygon","coordinates":[[[-123.05,48.45],[-122.95,48.45],[-122.95,48.55],[-123.05,48.55],[-123.05,48.45]]]},"properties":{"group":"cantharellus","week":"2026-10-05","chance":0.0206,"uncertainty_low":null,"uncertainty_high":null,"applicable":true,"drivers":[],"weather_through":"2026-10-04","model_version":"pnw-pilot-t1-calendar-e2c272b7acfa"}},{"type":"Feature","id":"485_-1227","geometry":{"type":"Polygon","coordinates":[[[-122.75,48.45],[-122.65,48.45],[-122.65,48.55],[-122.75,48.55],[-122.75,48.45]]]},"properties":{"group":"cantharellus","week":"2026-10-05","chance":0.0218,"uncertainty_low":null,"uncertainty_high":null,"applicable":true,"drivers":[],"weather_through":"2026-10-04","model_version":"pnw-pilot-t1-calendar-e2c272b7acfa"}},{"type":"Feature","id":"485_-1226","geometry":{"type":"Polygon","coordinates":[[[-122.65,48.45],[-122.55,48.45],[-122.55,48.55],[-122.65,48.55],[-122.65,48.45]]]},"properties":{"group":"cantharellus","week":"2026-10-05","chance":0.0218,"uncertainty_low":null,"uncertainty_high":null,"applicable":true,"drivers":[],"weather_through":"2026-10-04","model_version":"pnw-pilot-t1-calendar-e2c272b7acfa"}},{"type":"Feature","id":"486_-1246","geometry":{"type":"Polygon","coordinates":[[[-124.65,48.55],[-124.55,48.55],[-124.55,48.65],[-124.65,48.65],[-124.65,48.55]]]},"properties":{"group":"cantharellus","week":"2026-10-05","chance":0.0723,"uncertainty_low":null,"uncertainty_high":null,"applicable":true,"drivers":[],"weather_through":"2026-10-04","model_version":"pnw-pilot-t1-calendar-e2c272b7acfa"}},{"type":"Feature","id":"486_-1244","geometry":{"type":"Polygon","coordinates":[[[-124.45,48.55],[-124.35,48.55],[-124.35,48.65],[-124.45,48.65],[-124.45,48.55]]]},"properties":{"group":"cantharellus","week":"2026-10-05","chance":0.0723,"uncertainty_low":null,"uncertainty_high":null,"applicable":true,"drivers":[],"weather_through":"2026-10-04","model_version":"pnw-pilot-t1-calendar-e2c272b7acfa"}},{"type":"Feature","id":"486_-1237","geometry":{"type":"Polygon","coordinates":[[[-123.75,48.55],[-123.65,48.55],[-123.65,48.65],[-123.75,48.65],[-123.75,48.55]]]},"properties":{"group":"cantharellus","week":"2026-10-05","chance":0.0715,"uncertainty_low":null,"uncertainty_high":null,"applicable":true,"drivers":[],"weather_through":"2026-10-04","model_version":"pnw-pilot-t1-calendar-e2c272b7acfa"}},{"type":"Feature","id":"486_-1236","geometry":{"type":"Polygon","coordinates":[[[-123.65,48.55],[-123.55,48.55],[-123.55,48.65],[-123.65,48.65],[-123.65,48.55]]]},"properties":{"group":"cantharellus","week":"2026-10-05","chance":0.0568,"uncertainty_low":null,"uncertainty_high":null,"applicable":true,"drivers":[],"weather_through":"2026-10-04","model_version":"pnw-pilot-t1-calendar-e2c272b7acfa"}},{"type":"Feature","id":"486_-1235","geometry":{"type":"Polygon","coordinates":[[[-123.55,48.55],[-123.45,48.55],[-123.45,48.65],[-123.55,48.65],[-123.55,48.55]]]},"properties":{"group":"cantharellus","week":"2026-10-05","chance":0.0397,"uncertainty_low":null,"uncertainty_high":null,"applicable":true,"drivers":[],"weather_through":"2026-10-04","model_version":"pnw-pilot-t1-calendar-e2c272b7acfa"}},{"type":"Feature","id":"486_-1234","geometry":{"type":"Polygon","coordinates":[[[-123.45,48.55],[-123.35,48.55],[-123.35,48.65],[-123.45,48.65],[-123.45,48.55]]]},"properties":{"group":"cantharellus","week":"2026-10-05","chance":0.018,"uncertainty_low":null,"uncertainty_high":null,"applicable":true,"drivers":[],"weather_through":"2026-10-04","model_version":"pnw-pilot-t1-calendar-e2c272b7acfa"}},{"type":"Feature","id":"486_-1231","geometry":{"type":"Polygon","coordinates":[[[-123.15,48.55],[-123.05,48.55],[-123.05,48.65],[-123.15,48.65],[-123.15,48.55]]]},"properties":{"group":"cantharellus","week":"2026-10-05","chance":0.0132,"uncertainty_low":null,"uncertainty_high":null,"applicable":true,"drivers":[],"weather_through":"2026-10-04","model_version":"pnw-pilot-t1-calendar-e2c272b7acfa"}},{"type":"Feature","id":"486_-1230","geometry":{"type":"Polygon","coordinates":[[[-123.05,48.55],[-122.95,48.55],[-122.95,48.65],[-123.05,48.65],[-123.05,48.55]]]},"properties":{"group":"cantharellus","week":"2026-10-05","chance":0.0206,"uncertainty_low":null,"uncertainty_high":null,"applicable":true,"drivers":[],"weather_through":"2026-10-04","model_version":"pnw-pilot-t1-calendar-e2c272b7acfa"}},{"type":"Feature","id":"486_-1228","geometry":{"type":"Polygon","coordinates":[[[-122.85,48.55],[-122.75,48.55],[-122.75,48.65],[-122.85,48.65],[-122.85,48.55]]]},"properties":{"group":"cantharellus","week":"2026-10-05","chance":0.0224,"uncertainty_low":null,"uncertainty_high":null,"applicable":true,"drivers":[],"weather_through":"2026-10-04","model_version":"pnw-pilot-t1-calendar-e2c272b7acfa"}},{"type":"Feature","id":"486_-1224","geometry":{"type":"Polygon","coordinates":[[[-122.45,48.55],[-122.35,48.55],[-122.35,48.65],[-122.45,48.65],[-122.45,48.55]]]},"properties":{"group":"cantharellus","week":"2026-10-05","chance":0.0322,"uncertainty_low":null,"uncertainty_high":null,"applicable":true,"drivers":[],"weather_through":"2026-10-04","model_version":"pnw-pilot-t1-calendar-e2c272b7acfa"}},{"type":"Feature","id":"487_-1247","geometry":{"type":"Polygon","coordinates":[[[-124.75,48.65],[-124.65,48.65],[-124.65,48.75],[-124.75,48.75],[-124.75,48.65]]]},"properties":{"group":"cantharellus","week":"2026-10-05","chance":0.0875,"uncertainty_low":null,"uncertainty_high":null,"applicable":true,"drivers":[],"weather_through":"2026-10-04","model_version":"pnw-pilot-t1-calendar-e2c272b7acfa"}},{"type":"Feature","id":"487_-1246","geometry":{"type":"Polygon","coordinates":[[[-124.65,48.65],[-124.55,48.65],[-124.55,48.75],[-124.65,48.75],[-124.65,48.65]]]},"properties":{"group":"cantharellus","week":"2026-10-05","chance":0.1259,"uncertainty_low":null,"uncertainty_high":null,"applicable":true,"drivers":[],"weather_through":"2026-10-04","model_version":"pnw-pilot-t1-calendar-e2c272b7acfa"}},{"type":"Feature","id":"487_-1237","geometry":{"type":"Polygon","coordinates":[[[-123.75,48.65],[-123.65,48.65],[-123.65,48.75],[-123.75,48.75],[-123.75,48.65]]]},"properties":{"group":"cantharellus","week":"2026-10-05","chance":0.0782,"uncertainty_low":null,"uncertainty_high":null,"applicable":true,"drivers":[],"weather_through":"2026-10-04","model_version":"pnw-pilot-t1-calendar-e2c272b7acfa"}},{"type":"Feature","id":"487_-1236","geometry":{"type":"Polygon","coordinates":[[[-123.65,48.65],[-123.55,48.65],[-123.55,48.75],[-123.65,48.75],[-123.65,48.65]]]},"properties":{"group":"cantharellus","week":"2026-10-05","chance":0.0616,"uncertainty_low":null,"uncertainty_high":null,"applicable":true,"drivers":[],"weather_through":"2026-10-04","model_version":"pnw-pilot-t1-calendar-e2c272b7acfa"}},{"type":"Feature","id":"487_-1235","geometry":{"type":"Polygon","coordinates":[[[-123.55,48.65],[-123.45,48.65],[-123.45,48.75],[-123.55,48.75],[-123.55,48.65]]]},"properties":{"group":"cantharellus","week":"2026-10-05","chance":0.045,"uncertainty_low":null,"uncertainty_high":null,"applicable":true,"drivers":[],"weather_through":"2026-10-04","model_version":"pnw-pilot-t1-calendar-e2c272b7acfa"}},{"type":"Feature","id":"487_-1234","geometry":{"type":"Polygon","coordinates":[[[-123.45,48.65],[-123.35,48.65],[-123.35,48.75],[-123.45,48.75],[-123.45,48.65]]]},"properties":{"group":"cantharellus","week":"2026-10-05","chance":0.0213,"uncertainty_low":null,"uncertainty_high":null,"applicable":true,"drivers":[],"weather_through":"2026-10-04","model_version":"pnw-pilot-t1-calendar-e2c272b7acfa"}},{"type":"Feature","id":"487_-1228","geometry":{"type":"Polygon","coordinates":[[[-122.85,48.65],[-122.75,48.65],[-122.75,48.75],[-122.85,48.75],[-122.85,48.65]]]},"properties":{"group":"cantharellus","week":"2026-10-05","chance":0.0379,"uncertainty_low":null,"uncertainty_high":null,"applicable":true,"drivers":[],"weather_through":"2026-10-04","model_version":"pnw-pilot-t1-calendar-e2c272b7acfa"}},{"type":"Feature","id":"487_-1225","geometry":{"type":"Polygon","coordinates":[[[-122.55,48.65],[-122.45,48.65],[-122.45,48.75],[-122.55,48.75],[-122.55,48.65]]]},"properties":{"group":"cantharellus","week":"2026-10-05","chance":0.0988,"uncertainty_low":null,"uncertainty_high":null,"applicable":true,"drivers":[],"weather_through":"2026-10-04","model_version":"pnw-pilot-t1-calendar-e2c272b7acfa"}},{"type":"Feature","id":"487_-1224","geometry":{"type":"Polygon","coordinates":[[[-122.45,48.65],[-122.35,48.65],[-122.35,48.75],[-122.45,48.75],[-122.45,48.65]]]},"properties":{"group":"cantharellus","week":"2026-10-05","chance":0.0988,"uncertainty_low":null,"uncertainty_high":null,"applicable":true,"drivers":[],"weather_through":"2026-10-04","model_version":"pnw-pilot-t1-calendar-e2c272b7acfa"}},{"type":"Feature","id":"487_-1223","geometry":{"type":"Polygon","coordinates":[[[-122.35,48.65],[-122.25,48.65],[-122.25,48.75],[-122.35,48.75],[-122.35,48.65]]]},"properties":{"group":"cantharellus","week":"2026-10-05","chance":0.0815,"uncertainty_low":null,"uncertainty_high":null,"applicable":true,"drivers":[],"weather_through":"2026-10-04","model_version":"pnw-pilot-t1-calendar-e2c272b7acfa"}},{"type":"Feature","id":"487_-1217","geometry":{"type":"Polygon","coordinates":[[[-121.75,48.65],[-121.65,48.65],[-121.65,48.75],[-121.75,48.75],[-121.75,48.65]]]},"properties":{"group":"cantharellus","week":"2026-10-05","chance":0.1345,"uncertainty_low":null,"uncertainty_high":null,"applicable":true,"drivers":[],"weather_through":"2026-10-04","model_version":"pnw-pilot-t1-calendar-e2c272b7acfa"}},{"type":"Feature","id":"487_-1216","geometry":{"type":"Polygon","coordinates":[[[-121.65,48.65],[-121.55,48.65],[-121.55,48.75],[-121.65,48.75],[-121.65,48.65]]]},"properties":{"group":"cantharellus","week":"2026-10-05","chance":0.1325,"uncertainty_low":null,"uncertainty_high":null,"applicable":true,"drivers":[],"weather_through":"2026-10-04","model_version":"pnw-pilot-t1-calendar-e2c272b7acfa"}},{"type":"Feature","id":"487_-1211","geometry":{"type":"Polygon","coordinates":[[[-121.15,48.65],[-121.05,48.65],[-121.05,48.75],[-121.15,48.75],[-121.15,48.65]]]},"properties":{"group":"cantharellus","week":"2026-10-05","chance":0.1104,"uncertainty_low":null,"uncertainty_high":null,"applicable":true,"drivers":[],"weather_through":"2026-10-04","model_version":"pnw-pilot-t1-calendar-e2c272b7acfa"}},{"type":"Feature","id":"488_-1242","geometry":{"type":"Polygon","coordinates":[[[-124.25,48.75],[-124.15,48.75],[-124.15,48.85],[-124.25,48.85],[-124.25,48.75]]]},"properties":{"group":"cantharellus","week":"2026-10-05","chance":0.1596,"uncertainty_low":null,"uncertainty_high":null,"applicable":true,"drivers":[],"weather_through":"2026-10-04","model_version":"pnw-pilot-t1-calendar-e2c272b7acfa"}},{"type":"Feature","id":"488_-1241","geometry":{"type":"Polygon","coordinates":[[[-124.15,48.75],[-124.05,48.75],[-124.05,48.85],[-124.15,48.85],[-124.15,48.75]]]},"properties":{"group":"cantharellus","week":"2026-10-05","chance":0.1177,"uncertainty_low":null,"uncertainty_high":null,"applicable":true,"drivers":[],"weather_through":"2026-10-04","model_version":"pnw-pilot-t1-calendar-e2c272b7acfa"}},{"type":"Feature","id":"488_-1240","geometry":{"type":"Polygon","coordinates":[[[-124.05,48.75],[-123.95,48.75],[-123.95,48.85],[-124.05,48.85],[-124.05,48.75]]]},"properties":{"group":"cantharellus","week":"2026-10-05","chance":0.1036,"uncertainty_low":null,"uncertainty_high":null,"applicable":true,"drivers":[],"weather_through":"2026-10-04","model_version":"pnw-pilot-t1-calendar-e2c272b7acfa"}},{"type":"Feature","id":"488_-1239","geometry":{"type":"Polygon","coordinates":[[[-123.95,48.75],[-123.85,48.75],[-123.85,48.85],[-123.95,48.85],[-123.95,48.75]]]},"properties":{"group":"cantharellus","week":"2026-10-05","chance":0.0782,"uncertainty_low":null,"uncertainty_high":null,"applicable":true,"drivers":[],"weather_through":"2026-10-04","model_version":"pnw-pilot-t1-calendar-e2c272b7acfa"}},{"type":"Feature","id":"488_-1238","geometry":{"type":"Polygon","coordinates":[[[-123.85,48.75],[-123.75,48.75],[-123.75,48.85],[-123.85,48.85],[-123.85,48.75]]]},"properties":{"group":"cantharellus","week":"2026-10-05","chance":0.0782,"uncertainty_low":null,"uncertainty_high":null,"applicable":true,"drivers":[],"weather_through":"2026-10-04","model_version":"pnw-pilot-t1-calendar-e2c272b7acfa"}},{"type":"Feature","id":"488_-1236","geometry":{"type":"Polygon","coordinates":[[[-123.65,48.75],[-123.55,48.75],[-123.55,48.85],[-123.65,48.85],[-123.65,48.75]]]},"properties":{"group":"cantharellus","week":"2026-10-05","chance":0.0616,"uncertainty_low":null,"uncertainty_high":null,"applicable":true,"drivers":[],"weather_through":"2026-10-04","model_version":"pnw-pilot-t1-calendar-e2c272b7acfa"}},{"type":"Feature","id":"488_-1235","geometry":{"type":"Polygon","coordinates":[[[-123.55,48.75],[-123.45,48.75],[-123.45,48.85],[-123.55,48.85],[-123.55,48.75]]]},"properties":{"group":"cantharellus","week":"2026-10-05","chance":0.045,"uncertainty_low":null,"uncertainty_high":null,"applicable":true,"drivers":[],"weather_through":"2026-10-04","model_version":"pnw-pilot-t1-calendar-e2c272b7acfa"}},{"type":"Feature","id":"488_-1234","geometry":{"type":"Polygon","coordinates":[[[-123.45,48.75],[-123.35,48.75],[-123.35,48.85],[-123.45,48.85],[-123.45,48.75]]]},"properties":{"group":"cantharellus","week":"2026-10-05","chance":0.0213,"uncertainty_low":null,"uncertainty_high":null,"applicable":true,"drivers":[],"weather_through":"2026-10-04","model_version":"pnw-pilot-t1-calendar-e2c272b7acfa"}},{"type":"Feature","id":"488_-1233","geometry":{"type":"Polygon","coordinates":[[[-123.35,48.75],[-123.25,48.75],[-123.25,48.85],[-123.35,48.85],[-123.35,48.75]]]},"properties":{"group":"cantharellus","week":"2026-10-05","chance":0.0169,"uncertainty_low":null,"uncertainty_high":null,"applicable":true,"drivers":[],"weather_through":"2026-10-04","model_version":"pnw-pilot-t1-calendar-e2c272b7acfa"}},{"type":"Feature","id":"488_-1232","geometry":{"type":"Polygon","coordinates":[[[-123.25,48.75],[-123.15,48.75],[-123.15,48.85],[-123.25,48.85],[-123.25,48.75]]]},"properties":{"group":"cantharellus","week":"2026-10-05","chance":0.0167,"uncertainty_low":null,"uncertainty_high":null,"applicable":true,"drivers":[],"weather_through":"2026-10-04","model_version":"pnw-pilot-t1-calendar-e2c272b7acfa"}},{"type":"Feature","id":"488_-1225","geometry":{"type":"Polygon","coordinates":[[[-122.55,48.75],[-122.45,48.75],[-122.45,48.85],[-122.55,48.85],[-122.55,48.75]]]},"properties":{"group":"cantharellus","week":"2026-10-05","chance":0.0839,"uncertainty_low":null,"uncertainty_high":null,"applicable":true,"drivers":[],"weather_through":"2026-10-04","model_version":"pnw-pilot-t1-calendar-e2c272b7acfa"}},{"type":"Feature","id":"488_-1224","geometry":{"type":"Polygon","coordinates":[[[-122.45,48.75],[-122.35,48.75],[-122.35,48.85],[-122.45,48.85],[-122.45,48.75]]]},"properties":{"group":"cantharellus","week":"2026-10-05","chance":0.0839,"uncertainty_low":null,"uncertainty_high":null,"applicable":true,"drivers":[],"weather_through":"2026-10-04","model_version":"pnw-pilot-t1-calendar-e2c272b7acfa"}},{"type":"Feature","id":"488_-1223","geometry":{"type":"Polygon","coordinates":[[[-122.35,48.75],[-122.25,48.75],[-122.25,48.85],[-122.35,48.85],[-122.35,48.75]]]},"properties":{"group":"cantharellus","week":"2026-10-05","chance":0.0721,"uncertainty_low":null,"uncertainty_high":null,"applicable":true,"drivers":[],"weather_through":"2026-10-04","model_version":"pnw-pilot-t1-calendar-e2c272b7acfa"}},{"type":"Feature","id":"488_-1221","geometry":{"type":"Polygon","coordinates":[[[-122.15,48.75],[-122.05,48.75],[-122.05,48.85],[-122.15,48.85],[-122.15,48.75]]]},"properties":{"group":"cantharellus","week":"2026-10-05","chance":0.0721,"uncertainty_low":null,"uncertainty_high":null,"applicable":true,"drivers":[],"weather_through":"2026-10-04","model_version":"pnw-pilot-t1-calendar-e2c272b7acfa"}},{"type":"Feature","id":"489_-1236","geometry":{"type":"Polygon","coordinates":[[[-123.65,48.85],[-123.55,48.85],[-123.55,48.95],[-123.65,48.95],[-123.65,48.85]]]},"properties":{"group":"cantharellus","week":"2026-10-05","chance":0.0516,"uncertainty_low":null,"uncertainty_high":null,"applicable":true,"drivers":[],"weather_through":"2026-10-04","model_version":"pnw-pilot-t1-calendar-e2c272b7acfa"}},{"type":"Feature","id":"489_-1235","geometry":{"type":"Polygon","coordinates":[[[-123.55,48.85],[-123.45,48.85],[-123.45,48.95],[-123.55,48.95],[-123.55,48.85]]]},"properties":{"group":"cantharellus","week":"2026-10-05","chance":0.0376,"uncertainty_low":null,"uncertainty_high":null,"applicable":true,"drivers":[],"weather_through":"2026-10-04","model_version":"pnw-pilot-t1-calendar-e2c272b7acfa"}},{"type":"Feature","id":"489_-1234","geometry":{"type":"Polygon","coordinates":[[[-123.45,48.85],[-123.35,48.85],[-123.35,48.95],[-123.45,48.95],[-123.45,48.85]]]},"properties":{"group":"cantharellus","week":"2026-10-05","chance":0.0181,"uncertainty_low":null,"uncertainty_high":null,"applicable":true,"drivers":[],"weather_through":"2026-10-04","model_version":"pnw-pilot-t1-calendar-e2c272b7acfa"}},{"type":"Feature","id":"489_-1233","geometry":{"type":"Polygon","coordinates":[[[-123.35,48.85],[-123.25,48.85],[-123.25,48.95],[-123.35,48.95],[-123.35,48.85]]]},"properties":{"group":"cantharellus","week":"2026-10-05","chance":0.0143,"uncertainty_low":null,"uncertainty_high":null,"applicable":true,"drivers":[],"weather_through":"2026-10-04","model_version":"pnw-pilot-t1-calendar-e2c272b7acfa"}},{"type":"Feature","id":"489_-1228","geometry":{"type":"Polygon","coordinates":[[[-122.85,48.85],[-122.75,48.85],[-122.75,48.95],[-122.85,48.95],[-122.85,48.85]]]},"properties":{"group":"cantharellus","week":"2026-10-05","chance":0.028,"uncertainty_low":null,"uncertainty_high":null,"applicable":true,"drivers":[],"weather_through":"2026-10-04","model_version":"pnw-pilot-t1-calendar-e2c272b7acfa"}},{"type":"Feature","id":"489_-1221","geometry":{"type":"Polygon","coordinates":[[[-122.15,48.85],[-122.05,48.85],[-122.05,48.95],[-122.15,48.95],[-122.15,48.85]]]},"properties":{"group":"cantharellus","week":"2026-10-05","chance":0.0653,"uncertainty_low":null,"uncertainty_high":null,"applicable":true,"drivers":[],"weather_through":"2026-10-04","model_version":"pnw-pilot-t1-calendar-e2c272b7acfa"}},{"type":"Feature","id":"489_-1219","geometry":{"type":"Polygon","coordinates":[[[-121.95,48.85],[-121.85,48.85],[-121.85,48.95],[-121.95,48.95],[-121.95,48.85]]]},"properties":{"group":"cantharellus","week":"2026-10-05","chance":0.114,"uncertainty_low":null,"uncertainty_high":null,"applicable":true,"drivers":[],"weather_through":"2026-10-04","model_version":"pnw-pilot-t1-calendar-e2c272b7acfa"}},{"type":"Feature","id":"489_-1218","geometry":{"type":"Polygon","coordinates":[[[-121.85,48.85],[-121.75,48.85],[-121.75,48.95],[-121.85,48.95],[-121.85,48.85]]]},"properties":{"group":"cantharellus","week":"2026-10-05","chance":0.1203,"uncertainty_low":null,"uncertainty_high":null,"applicable":true,"drivers":[],"weather_through":"2026-10-04","model_version":"pnw-pilot-t1-calendar-e2c272b7acfa"}},{"type":"Feature","id":"489_-1217","geometry":{"type":"Polygon","coordinates":[[[-121.75,48.85],[-121.65,48.85],[-121.65,48.95],[-121.75,48.95],[-121.75,48.85]]]},"properties":{"group":"cantharellus","week":"2026-10-05","chance":0.118,"uncertainty_low":null,"uncertainty_high":null,"applicable":true,"drivers":[],"weather_through":"2026-10-04","model_version":"pnw-pilot-t1-calendar-e2c272b7acfa"}},{"type":"Feature","id":"490_-1238","geometry":{"type":"Polygon","coordinates":[[[-123.85,48.95],[-123.75,48.95],[-123.75,49.05],[-123.85,49.05],[-123.85,48.95]]]},"properties":{"group":"cantharellus","week":"2026-10-05","chance":0.0778,"uncertainty_low":null,"uncertainty_high":null,"applicable":true,"drivers":[],"weather_through":"2026-10-04","model_version":"pnw-pilot-t1-calendar-e2c272b7acfa"}},{"type":"Feature","id":"490_-1236","geometry":{"type":"Polygon","coordinates":[[[-123.65,48.95],[-123.55,48.95],[-123.55,49.05],[-123.65,49.05],[-123.65,48.95]]]},"properties":{"group":"cantharellus","week":"2026-10-05","chance":0.0622,"uncertainty_low":null,"uncertainty_high":null,"applicable":true,"drivers":[],"weather_through":"2026-10-04","model_version":"pnw-pilot-t1-calendar-e2c272b7acfa"}},{"type":"Feature","id":"490_-1231","geometry":{"type":"Polygon","coordinates":[[[-123.15,48.95],[-123.05,48.95],[-123.05,49.05],[-123.15,49.05],[-123.15,48.95]]]},"properties":{"group":"cantharellus","week":"2026-10-05","chance":0.0132,"uncertainty_low":null,"uncertainty_high":null,"applicable":true,"drivers":[],"weather_through":"2026-10-04","model_version":"pnw-pilot-t1-calendar-e2c272b7acfa"}},{"type":"Feature","id":"490_-1230","geometry":{"type":"Polygon","coordinates":[[[-123.05,48.95],[-122.95,48.95],[-122.95,49.05],[-123.05,49.05],[-123.05,48.95]]]},"properties":{"group":"cantharellus","week":"2026-10-05","chance":0.0147,"uncertainty_low":null,"uncertainty_high":null,"applicable":true,"drivers":[],"weather_through":"2026-10-04","model_version":"pnw-pilot-t1-calendar-e2c272b7acfa"}},{"type":"Feature","id":"490_-1228","geometry":{"type":"Polygon","coordinates":[[[-122.85,48.95],[-122.75,48.95],[-122.75,49.05],[-122.85,49.05],[-122.85,48.95]]]},"properties":{"group":"cantharellus","week":"2026-10-05","chance":0.0107,"uncertainty_low":null,"uncertainty_high":null,"applicable":true,"drivers":[],"weather_through":"2026-10-04","model_version":"pnw-pilot-t1-calendar-e2c272b7acfa"}},{"type":"Feature","id":"490_-1227","geometry":{"type":"Polygon","coordinates":[[[-122.75,48.95],[-122.65,48.95],[-122.65,49.05],[-122.75,49.05],[-122.75,48.95]]]},"properties":{"group":"cantharellus","week":"2026-10-05","chance":0.0107,"uncertainty_low":null,"uncertainty_high":null,"applicable":true,"drivers":[],"weather_through":"2026-10-04","model_version":"pnw-pilot-t1-calendar-e2c272b7acfa"}},{"type":"Feature","id":"490_-1226","geometry":{"type":"Polygon","coordinates":[[[-122.65,48.95],[-122.55,48.95],[-122.55,49.05],[-122.65,49.05],[-122.65,48.95]]]},"properties":{"group":"cantharellus","week":"2026-10-05","chance":0.0107,"uncertainty_low":null,"uncertainty_high":null,"applicable":true,"drivers":[],"weather_through":"2026-10-04","model_version":"pnw-pilot-t1-calendar-e2c272b7acfa"}},{"type":"Feature","id":"490_-1225","geometry":{"type":"Polygon","coordinates":[[[-122.55,48.95],[-122.45,48.95],[-122.45,49.05],[-122.55,49.05],[-122.55,48.95]]]},"properties":{"group":"cantharellus","week":"2026-10-05","chance":0.0109,"uncertainty_low":null,"uncertainty_high":null,"applicable":true,"drivers":[],"weather_through":"2026-10-04","model_version":"pnw-pilot-t1-calendar-e2c272b7acfa"}},{"type":"Feature","id":"490_-1223","geometry":{"type":"Polygon","coordinates":[[[-122.35,48.95],[-122.25,48.95],[-122.25,49.05],[-122.35,49.05],[-122.35,48.95]]]},"properties":{"group":"cantharellus","week":"2026-10-05","chance":0.0112,"uncertainty_low":null,"uncertainty_high":null,"applicable":true,"drivers":[],"weather_through":"2026-10-04","model_version":"pnw-pilot-t1-calendar-e2c272b7acfa"}},{"type":"Feature","id":"490_-1221","geometry":{"type":"Polygon","coordinates":[[[-122.15,48.95],[-122.05,48.95],[-122.05,49.05],[-122.15,49.05],[-122.15,48.95]]]},"properties":{"group":"cantharellus","week":"2026-10-05","chance":0.0112,"uncertainty_low":null,"uncertainty_high":null,"applicable":true,"drivers":[],"weather_through":"2026-10-04","model_version":"pnw-pilot-t1-calendar-e2c272b7acfa"}},{"type":"Feature","id":"490_-1220","geometry":{"type":"Polygon","coordinates":[[[-122.05,48.95],[-121.95,48.95],[-121.95,49.05],[-122.05,49.05],[-122.05,48.95]]]},"properties":{"group":"cantharellus","week":"2026-10-05","chance":0.0163,"uncertainty_low":null,"uncertainty_high":null,"applicable":true,"drivers":[],"weather_through":"2026-10-04","model_version":"pnw-pilot-t1-calendar-e2c272b7acfa"}},{"type":"Feature","id":"491_-1240","geometry":{"type":"Polygon","coordinates":[[[-124.05,49.05],[-123.95,49.05],[-123.95,49.15],[-124.05,49.15],[-124.05,49.05]]]},"properties":{"group":"cantharellus","week":"2026-10-05","chance":0.0546,"uncertainty_low":null,"uncertainty_high":null,"applicable":true,"drivers":[],"weather_through":"2026-10-04","model_version":"pnw-pilot-t1-calendar-e2c272b7acfa"}},{"type":"Feature","id":"491_-1239","geometry":{"type":"Polygon","coordinates":[[[-123.95,49.05],[-123.85,49.05],[-123.85,49.15],[-123.95,49.15],[-123.95,49.05]]]},"properties":{"group":"cantharellus","week":"2026-10-05","chance":0.0778,"uncertainty_low":null,"uncertainty_high":null,"applicable":true,"drivers":[],"weather_through":"2026-10-04","model_version":"pnw-pilot-t1-calendar-e2c272b7acfa"}},{"type":"Feature","id":"491_-1238","geometry":{"type":"Polygon","coordinates":[[[-123.85,49.05],[-123.75,49.05],[-123.75,49.15],[-123.85,49.15],[-123.85,49.05]]]},"properties":{"group":"cantharellus","week":"2026-10-05","chance":0.0778,"uncertainty_low":null,"uncertainty_high":null,"applicable":true,"drivers":[],"weather_through":"2026-10-04","model_version":"pnw-pilot-t1-calendar-e2c272b7acfa"}},{"type":"Feature","id":"491_-1237","geometry":{"type":"Polygon","coordinates":[[[-123.75,49.05],[-123.65,49.05],[-123.65,49.15],[-123.75,49.15],[-123.75,49.05]]]},"properties":{"group":"cantharellus","week":"2026-10-05","chance":0.0778,"uncertainty_low":null,"uncertainty_high":null,"applicable":true,"drivers":[],"weather_through":"2026-10-04","model_version":"pnw-pilot-t1-calendar-e2c272b7acfa"}},{"type":"Feature","id":"491_-1232","geometry":{"type":"Polygon","coordinates":[[[-123.25,49.05],[-123.15,49.05],[-123.15,49.15],[-123.25,49.15],[-123.25,49.05]]]},"properties":{"group":"cantharellus","week":"2026-10-05","chance":0.0132,"uncertainty_low":null,"uncertainty_high":null,"applicable":true,"drivers":[],"weather_through":"2026-10-04","model_version":"pnw-pilot-t1-calendar-e2c272b7acfa"}},{"type":"Feature","id":"491_-1231","geometry":{"type":"Polygon","coordinates":[[[-123.15,49.05],[-123.05,49.05],[-123.05,49.15],[-123.15,49.15],[-123.15,49.05]]]},"properties":{"group":"cantharellus","week":"2026-10-05","chance":0.0132,"uncertainty_low":null,"uncertainty_high":null,"applicable":true,"drivers":[],"weather_through":"2026-10-04","model_version":"pnw-pilot-t1-calendar-e2c272b7acfa"}},{"type":"Feature","id":"491_-1229","geometry":{"type":"Polygon","coordinates":[[[-122.95,49.05],[-122.85,49.05],[-122.85,49.15],[-122.95,49.15],[-122.95,49.05]]]},"properties":{"group":"cantharellus","week":"2026-10-05","chance":0.0161,"uncertainty_low":null,"uncertainty_high":null,"applicable":true,"drivers":[],"weather_through":"2026-10-04","model_version":"pnw-pilot-t1-calendar-e2c272b7acfa"}},{"type":"Feature","id":"491_-1228","geometry":{"type":"Polygon","coordinates":[[[-122.85,49.05],[-122.75,49.05],[-122.75,49.15],[-122.85,49.15],[-122.85,49.05]]]},"properties":{"group":"cantharellus","week":"2026-10-05","chance":0.0107,"uncertainty_low":null,"uncertainty_high":null,"applicable":true,"drivers":[],"weather_through":"2026-10-04","model_version":"pnw-pilot-t1-calendar-e2c272b7acfa"}},{"type":"Feature","id":"491_-1227","geometry":{"type":"Polygon","coordinates":[[[-122.75,49.05],[-122.65,49.05],[-122.65,49.15],[-122.75,49.15],[-122.75,49.05]]]},"properties":{"group":"cantharellus","week":"2026-10-05","chance":0.0107,"uncertainty_low":null,"uncertainty_high":null,"applicable":true,"drivers":[],"weather_through":"2026-10-04","model_version":"pnw-pilot-t1-calendar-e2c272b7acfa"}},{"type":"Feature","id":"491_-1226","geometry":{"type":"Polygon","coordinates":[[[-122.65,49.05],[-122.55,49.05],[-122.55,49.15],[-122.65,49.15],[-122.65,49.05]]]},"properties":{"group":"cantharellus","week":"2026-10-05","chance":0.0107,"uncertainty_low":null,"uncertainty_high":null,"applicable":true,"drivers":[],"weather_through":"2026-10-04","model_version":"pnw-pilot-t1-calendar-e2c272b7acfa"}},{"type":"Feature","id":"491_-1225","geometry":{"type":"Polygon","coordinates":[[[-122.55,49.05],[-122.45,49.05],[-122.45,49.15],[-122.55,49.15],[-122.55,49.05]]]},"properties":{"group":"cantharellus","week":"2026-10-05","chance":0.0109,"uncertainty_low":null,"uncertainty_high":null,"applicable":true,"drivers":[],"weather_through":"2026-10-04","model_version":"pnw-pilot-t1-calendar-e2c272b7acfa"}},{"type":"Feature","id":"491_-1224","geometry":{"type":"Polygon","coordinates":[[[-122.45,49.05],[-122.35,49.05],[-122.35,49.15],[-122.45,49.15],[-122.45,49.05]]]},"properties":{"group":"cantharellus","week":"2026-10-05","chance":0.0109,"uncertainty_low":null,"uncertainty_high":null,"applicable":true,"drivers":[],"weather_through":"2026-10-04","model_version":"pnw-pilot-t1-calendar-e2c272b7acfa"}},{"type":"Feature","id":"491_-1223","geometry":{"type":"Polygon","coordinates":[[[-122.35,49.05],[-122.25,49.05],[-122.25,49.15],[-122.35,49.15],[-122.35,49.05]]]},"properties":{"group":"cantharellus","week":"2026-10-05","chance":0.0112,"uncertainty_low":null,"uncertainty_high":null,"applicable":true,"drivers":[],"weather_through":"2026-10-04","model_version":"pnw-pilot-t1-calendar-e2c272b7acfa"}},{"type":"Feature","id":"491_-1222","geometry":{"type":"Polygon","coordinates":[[[-122.25,49.05],[-122.15,49.05],[-122.15,49.15],[-122.25,49.15],[-122.25,49.05]]]},"properties":{"group":"cantharellus","week":"2026-10-05","chance":0.0112,"uncertainty_low":null,"uncertainty_high":null,"applicable":true,"drivers":[],"weather_through":"2026-10-04","model_version":"pnw-pilot-t1-calendar-e2c272b7acfa"}},{"type":"Feature","id":"491_-1220","geometry":{"type":"Polygon","coordinates":[[[-122.05,49.05],[-121.95,49.05],[-121.95,49.15],[-122.05,49.15],[-122.05,49.05]]]},"properties":{"group":"cantharellus","week":"2026-10-05","chance":0.0163,"uncertainty_low":null,"uncertainty_high":null,"applicable":true,"drivers":[],"weather_through":"2026-10-04","model_version":"pnw-pilot-t1-calendar-e2c272b7acfa"}},{"type":"Feature","id":"491_-1219","geometry":{"type":"Polygon","coordinates":[[[-121.95,49.05],[-121.85,49.05],[-121.85,49.15],[-121.95,49.15],[-121.95,49.05]]]},"properties":{"group":"cantharellus","week":"2026-10-05","chance":0.0166,"uncertainty_low":null,"uncertainty_high":null,"applicable":true,"drivers":[],"weather_through":"2026-10-04","model_version":"pnw-pilot-t1-calendar-e2c272b7acfa"}},{"type":"Feature","id":"491_-1218","geometry":{"type":"Polygon","coordinates":[[[-121.85,49.05],[-121.75,49.05],[-121.75,49.15],[-121.85,49.15],[-121.85,49.05]]]},"properties":{"group":"cantharellus","week":"2026-10-05","chance":0.0176,"uncertainty_low":null,"uncertainty_high":null,"applicable":true,"drivers":[],"weather_through":"2026-10-04","model_version":"pnw-pilot-t1-calendar-e2c272b7acfa"}},{"type":"Feature","id":"491_-1215","geometry":{"type":"Polygon","coordinates":[[[-121.55,49.05],[-121.45,49.05],[-121.45,49.15],[-121.55,49.15],[-121.55,49.05]]]},"properties":{"group":"cantharellus","week":"2026-10-05","chance":0.0145,"uncertainty_low":null,"uncertainty_high":null,"applicable":true,"drivers":[],"weather_through":"2026-10-04","model_version":"pnw-pilot-t1-calendar-e2c272b7acfa"}},{"type":"Feature","id":"492_-1243","geometry":{"type":"Polygon","coordinates":[[[-124.35,49.15],[-124.25,49.15],[-124.25,49.25],[-124.35,49.25],[-124.35,49.15]]]},"properties":{"group":"cantharellus","week":"2026-10-05","chance":0.0546,"uncertainty_low":null,"uncertainty_high":null,"applicable":true,"drivers":[],"weather_through":"2026-10-04","model_version":"pnw-pilot-t1-calendar-e2c272b7acfa"}},{"type":"Feature","id":"492_-1241","geometry":{"type":"Polygon","coordinates":[[[-124.15,49.15],[-124.05,49.15],[-124.05,49.25],[-124.15,49.25],[-124.15,49.15]]]},"properties":{"group":"cantharellus","week":"2026-10-05","chance":0.0555,"uncertainty_low":null,"uncertainty_high":null,"applicable":true,"drivers":[],"weather_through":"2026-10-04","model_version":"pnw-pilot-t1-calendar-e2c272b7acfa"}},{"type":"Feature","id":"492_-1240","geometry":{"type":"Polygon","coordinates":[[[-124.05,49.15],[-123.95,49.15],[-123.95,49.25],[-124.05,49.25],[-124.05,49.15]]]},"properties":{"group":"cantharellus","week":"2026-10-05","chance":0.049,"uncertainty_low":null,"uncertainty_high":null,"applicable":true,"drivers":[],"weather_through":"2026-10-04","model_version":"pnw-pilot-t1-calendar-e2c272b7acfa"}},{"type":"Feature","id":"492_-1239","geometry":{"type":"Polygon","coordinates":[[[-123.95,49.15],[-123.85,49.15],[-123.85,49.25],[-123.95,49.25],[-123.95,49.15]]]},"properties":{"group":"cantharellus","week":"2026-10-05","chance":0.07,"uncertainty_low":null,"uncertainty_high":null,"applicable":true,"drivers":[],"weather_through":"2026-10-04","model_version":"pnw-pilot-t1-calendar-e2c272b7acfa"}},{"type":"Feature","id":"492_-1238","geometry":{"type":"Polygon","coordinates":[[[-123.85,49.15],[-123.75,49.15],[-123.75,49.25],[-123.85,49.25],[-123.85,49.15]]]},"properties":{"group":"cantharellus","week":"2026-10-05","chance":0.07,"uncertainty_low":null,"uncertainty_high":null,"applicable":true,"drivers":[],"weather_through":"2026-10-04","model_version":"pnw-pilot-t1-calendar-e2c272b7acfa"}},{"type":"Feature","id":"492_-1232","geometry":{"type":"Polygon","coordinates":[[[-123.25,49.15],[-123.15,49.15],[-123.15,49.25],[-123.25,49.25],[-123.25,49.15]]]},"properties":{"group":"cantharellus","week":"2026-10-05","chance":0.0132,"uncertainty_low":null,"uncertainty_high":null,"applicable":true,"drivers":[],"weather_through":"2026-10-04","model_version":"pnw-pilot-t1-calendar-e2c272b7acfa"}},{"type":"Feature","id":"492_-1231","geometry":{"type":"Polygon","coordinates":[[[-123.15,49.15],[-123.05,49.15],[-123.05,49.25],[-123.15,49.25],[-123.15,49.15]]]},"properties":{"group":"cantharellus","week":"2026-10-05","chance":0.0132,"uncertainty_low":null,"uncertainty_high":null,"applicable":true,"drivers":[],"weather_through":"2026-10-04","model_version":"pnw-pilot-t1-calendar-e2c272b7acfa"}},{"type":"Feature","id":"492_-1230","geometry":{"type":"Polygon","coordinates":[[[-123.05,49.15],[-122.95,49.15],[-122.95,49.25],[-123.05,49.25],[-123.05,49.15]]]},"properties":{"group":"cantharellus","week":"2026-10-05","chance":0.0147,"uncertainty_low":null,"uncertainty_high":null,"applicable":true,"drivers":[],"weather_through":"2026-10-04","model_version":"pnw-pilot-t1-calendar-e2c272b7acfa"}},{"type":"Feature","id":"492_-1229","geometry":{"type":"Polygon","coordinates":[[[-122.95,49.15],[-122.85,49.15],[-122.85,49.25],[-122.95,49.25],[-122.95,49.15]]]},"properties":{"group":"cantharellus","week":"2026-10-05","chance":0.0161,"uncertainty_low":null,"uncertainty_high":null,"applicable":true,"drivers":[],"weather_through":"2026-10-04","model_version":"pnw-pilot-t1-calendar-e2c272b7acfa"}},{"type":"Feature","id":"492_-1228","geometry":{"type":"Polygon","coordinates":[[[-122.85,49.15],[-122.75,49.15],[-122.75,49.25],[-122.85,49.25],[-122.85,49.15]]]},"properties":{"group":"cantharellus","week":"2026-10-05","chance":0.0107,"uncertainty_low":null,"uncertainty_high":null,"applicable":true,"drivers":[],"weather_through":"2026-10-04","model_version":"pnw-pilot-t1-calendar-e2c272b7acfa"}},{"type":"Feature","id":"492_-1227","geometry":{"type":"Polygon","coordinates":[[[-122.75,49.15],[-122.65,49.15],[-122.65,49.25],[-122.75,49.25],[-122.75,49.15]]]},"properties":{"group":"cantharellus","week":"2026-10-05","chance":0.0107,"uncertainty_low":null,"uncertainty_high":null,"applicable":true,"drivers":[],"weather_through":"2026-10-04","model_version":"pnw-pilot-t1-calendar-e2c272b7acfa"}},{"type":"Feature","id":"492_-1226","geometry":{"type":"Polygon","coordinates":[[[-122.65,49.15],[-122.55,49.15],[-122.55,49.25],[-122.65,49.25],[-122.65,49.15]]]},"properties":{"group":"cantharellus","week":"2026-10-05","chance":0.0107,"uncertainty_low":null,"uncertainty_high":null,"applicable":true,"drivers":[],"weather_through":"2026-10-04","model_version":"pnw-pilot-t1-calendar-e2c272b7acfa"}},{"type":"Feature","id":"492_-1225","geometry":{"type":"Polygon","coordinates":[[[-122.55,49.15],[-122.45,49.15],[-122.45,49.25],[-122.55,49.25],[-122.55,49.15]]]},"properties":{"group":"cantharellus","week":"2026-10-05","chance":0.0109,"uncertainty_low":null,"uncertainty_high":null,"applicable":true,"drivers":[],"weather_through":"2026-10-04","model_version":"pnw-pilot-t1-calendar-e2c272b7acfa"}},{"type":"Feature","id":"492_-1224","geometry":{"type":"Polygon","coordinates":[[[-122.45,49.15],[-122.35,49.15],[-122.35,49.25],[-122.45,49.25],[-122.45,49.15]]]},"properties":{"group":"cantharellus","week":"2026-10-05","chance":0.0109,"uncertainty_low":null,"uncertainty_high":null,"applicable":true,"drivers":[],"weather_through":"2026-10-04","model_version":"pnw-pilot-t1-calendar-e2c272b7acfa"}},{"type":"Feature","id":"492_-1223","geometry":{"type":"Polygon","coordinates":[[[-122.35,49.15],[-122.25,49.15],[-122.25,49.25],[-122.35,49.25],[-122.35,49.15]]]},"properties":{"group":"cantharellus","week":"2026-10-05","chance":0.0112,"uncertainty_low":null,"uncertainty_high":null,"applicable":true,"drivers":[],"weather_through":"2026-10-04","model_version":"pnw-pilot-t1-calendar-e2c272b7acfa"}},{"type":"Feature","id":"492_-1220","geometry":{"type":"Polygon","coordinates":[[[-122.05,49.15],[-121.95,49.15],[-121.95,49.25],[-122.05,49.25],[-122.05,49.15]]]},"properties":{"group":"cantharellus","week":"2026-10-05","chance":0.0145,"uncertainty_low":null,"uncertainty_high":null,"applicable":true,"drivers":[],"weather_through":"2026-10-04","model_version":"pnw-pilot-t1-calendar-e2c272b7acfa"}},{"type":"Feature","id":"492_-1217","geometry":{"type":"Polygon","coordinates":[[[-121.75,49.15],[-121.65,49.15],[-121.65,49.25],[-121.75,49.25],[-121.75,49.15]]]},"properties":{"group":"cantharellus","week":"2026-10-05","chance":0.0156,"uncertainty_low":null,"uncertainty_high":null,"applicable":true,"drivers":[],"weather_through":"2026-10-04","model_version":"pnw-pilot-t1-calendar-e2c272b7acfa"}},{"type":"Feature","id":"492_-1211","geometry":{"type":"Polygon","coordinates":[[[-121.15,49.15],[-121.05,49.15],[-121.05,49.25],[-121.15,49.25],[-121.15,49.15]]]},"properties":{"group":"cantharellus","week":"2026-10-05","chance":0.015,"uncertainty_low":null,"uncertainty_high":null,"applicable":true,"drivers":[],"weather_through":"2026-10-04","model_version":"pnw-pilot-t1-calendar-e2c272b7acfa"}},{"type":"Feature","id":"493_-1249","geometry":{"type":"Polygon","coordinates":[[[-124.95,49.25],[-124.85,49.25],[-124.85,49.35],[-124.95,49.35],[-124.95,49.25]]]},"properties":{"group":"cantharellus","week":"2026-10-05","chance":0.0782,"uncertainty_low":null,"uncertainty_high":null,"applicable":true,"drivers":[],"weather_through":"2026-10-04","model_version":"pnw-pilot-t1-calendar-e2c272b7acfa"}},{"type":"Feature","id":"493_-1248","geometry":{"type":"Polygon","coordinates":[[[-124.85,49.25],[-124.75,49.25],[-124.75,49.35],[-124.85,49.35],[-124.85,49.25]]]},"properties":{"group":"cantharellus","week":"2026-10-05","chance":0.0575,"uncertainty_low":null,"uncertainty_high":null,"applicable":true,"drivers":[],"weather_through":"2026-10-04","model_version":"pnw-pilot-t1-calendar-e2c272b7acfa"}},{"type":"Feature","id":"493_-1247","geometry":{"type":"Polygon","coordinates":[[[-124.75,49.25],[-124.65,49.25],[-124.65,49.35],[-124.75,49.35],[-124.75,49.25]]]},"properties":{"group":"cantharellus","week":"2026-10-05","chance":0.0575,"uncertainty_low":null,"uncertainty_high":null,"applicable":true,"drivers":[],"weather_through":"2026-10-04","model_version":"pnw-pilot-t1-calendar-e2c272b7acfa"}},{"type":"Feature","id":"493_-1246","geometry":{"type":"Polygon","coordinates":[[[-124.65,49.25],[-124.55,49.25],[-124.55,49.35],[-124.65,49.35],[-124.65,49.25]]]},"properties":{"group":"cantharellus","week":"2026-10-05","chance":0.0481,"uncertainty_low":null,"uncertainty_high":null,"applicable":true,"drivers":[],"weather_through":"2026-10-04","model_version":"pnw-pilot-t1-calendar-e2c272b7acfa"}},{"type":"Feature","id":"493_-1245","geometry":{"type":"Polygon","coordinates":[[[-124.55,49.25],[-124.45,49.25],[-124.45,49.35],[-124.55,49.35],[-124.55,49.25]]]},"properties":{"group":"cantharellus","week":"2026-10-05","chance":0.0481,"uncertainty_low":null,"uncertainty_high":null,"applicable":true,"drivers":[],"weather_through":"2026-10-04","model_version":"pnw-pilot-t1-calendar-e2c272b7acfa"}},{"type":"Feature","id":"493_-1244","geometry":{"type":"Polygon","coordinates":[[[-124.45,49.25],[-124.35,49.25],[-124.35,49.35],[-124.45,49.35],[-124.45,49.25]]]},"properties":{"group":"cantharellus","week":"2026-10-05","chance":0.0481,"uncertainty_low":null,"uncertainty_high":null,"applicable":true,"drivers":[],"weather_through":"2026-10-04","model_version":"pnw-pilot-t1-calendar-e2c272b7acfa"}},{"type":"Feature","id":"493_-1243","geometry":{"type":"Polygon","coordinates":[[[-124.35,49.25],[-124.25,49.25],[-124.25,49.35],[-124.35,49.35],[-124.35,49.25]]]},"properties":{"group":"cantharellus","week":"2026-10-05","chance":0.0481,"uncertainty_low":null,"uncertainty_high":null,"applicable":true,"drivers":[],"weather_through":"2026-10-04","model_version":"pnw-pilot-t1-calendar-e2c272b7acfa"}},{"type":"Feature","id":"493_-1242","geometry":{"type":"Polygon","coordinates":[[[-124.25,49.25],[-124.15,49.25],[-124.15,49.35],[-124.25,49.35],[-124.25,49.25]]]},"properties":{"group":"cantharellus","week":"2026-10-05","chance":0.0543,"uncertainty_low":null,"uncertainty_high":null,"applicable":true,"drivers":[],"weather_through":"2026-10-04","model_version":"pnw-pilot-t1-calendar-e2c272b7acfa"}},{"type":"Feature","id":"493_-1234","geometry":{"type":"Polygon","coordinates":[[[-123.45,49.25],[-123.35,49.25],[-123.35,49.35],[-123.45,49.35],[-123.45,49.25]]]},"properties":{"group":"cantharellus","week":"2026-10-05","chance":0.0424,"uncertainty_low":null,"uncertainty_high":null,"applicable":true,"drivers":[],"weather_through":"2026-10-04","model_version":"pnw-pilot-t1-calendar-e2c272b7acfa"}},{"type":"Feature","id":"493_-1233","geometry":{"type":"Polygon","coordinates":[[[-123.35,49.25],[-123.25,49.25],[-123.25,49.35],[-123.35,49.35],[-123.35,49.25]]]},"properties":{"group":"cantharellus","week":"2026-10-05","chance":0.0317,"uncertainty_low":null,"uncertainty_high":null,"applicable":true,"drivers":[],"weather_through":"2026-10-04","model_version":"pnw-pilot-t1-calendar-e2c272b7acfa"}},{"type":"Feature","id":"493_-1232","geometry":{"type":"Polygon","coordinates":[[[-123.25,49.25],[-123.15,49.25],[-123.15,49.35],[-123.25,49.35],[-123.25,49.25]]]},"properties":{"group":"cantharellus","week":"2026-10-05","chance":0.0301,"uncertainty_low":null,"uncertainty_high":null,"applicable":true,"drivers":[],"weather_through":"2026-10-04","model_version":"pnw-pilot-t1-calendar-e2c272b7acfa"}},{"type":"Feature","id":"493_-1231","geometry":{"type":"Polygon","coordinates":[[[-123.15,49.25],[-123.05,49.25],[-123.05,49.35],[-123.15,49.35],[-123.15,49.25]]]},"properties":{"group":"cantharellus","week":"2026-10-05","chance":0.0334,"uncertainty_low":null,"uncertainty_high":null,"applicable":true,"drivers":[],"weather_through":"2026-10-04","model_version":"pnw-pilot-t1-calendar-e2c272b7acfa"}},{"type":"Feature","id":"493_-1230","geometry":{"type":"Polygon","coordinates":[[[-123.05,49.25],[-122.95,49.25],[-122.95,49.35],[-123.05,49.35],[-123.05,49.25]]]},"properties":{"group":"cantharellus","week":"2026-10-05","chance":0.0441,"uncertainty_low":null,"uncertainty_high":null,"applicable":true,"drivers":[],"weather_through":"2026-10-04","model_version":"pnw-pilot-t1-calendar-e2c272b7acfa"}},{"type":"Feature","id":"493_-1229","geometry":{"type":"Polygon","coordinates":[[[-122.95,49.25],[-122.85,49.25],[-122.85,49.35],[-122.95,49.35],[-122.95,49.25]]]},"properties":{"group":"cantharellus","week":"2026-10-05","chance":0.0945,"uncertainty_low":null,"uncertainty_high":null,"applicable":true,"drivers":[],"weather_through":"2026-10-04","model_version":"pnw-pilot-t1-calendar-e2c272b7acfa"}},{"type":"Feature","id":"493_-1228","geometry":{"type":"Polygon","coordinates":[[[-122.85,49.25],[-122.75,49.25],[-122.75,49.35],[-122.85,49.35],[-122.85,49.25]]]},"properties":{"group":"cantharellus","week":"2026-10-05","chance":0.0322,"uncertainty_low":null,"uncertainty_high":null,"applicable":true,"drivers":[],"weather_through":"2026-10-04","model_version":"pnw-pilot-t1-calendar-e2c272b7acfa"}},{"type":"Feature","id":"493_-1227","geometry":{"type":"Polygon","coordinates":[[[-122.75,49.25],[-122.65,49.25],[-122.65,49.35],[-122.75,49.35],[-122.75,49.25]]]},"properties":{"group":"cantharellus","week":"2026-10-05","chance":0.0322,"uncertainty_low":null,"uncertainty_high":null,"applicable":true,"drivers":[],"weather_through":"2026-10-04","model_version":"pnw-pilot-t1-calendar-e2c272b7acfa"}},{"type":"Feature","id":"493_-1226","geometry":{"type":"Polygon","coordinates":[[[-122.65,49.25],[-122.55,49.25],[-122.55,49.35],[-122.65,49.35],[-122.65,49.25]]]},"properties":{"group":"cantharellus","week":"2026-10-05","chance":0.031,"uncertainty_low":null,"uncertainty_high":null,"applicable":true,"drivers":[],"weather_through":"2026-10-04","model_version":"pnw-pilot-t1-calendar-e2c272b7acfa"}},{"type":"Feature","id":"493_-1225","geometry":{"type":"Polygon","coordinates":[[[-122.55,49.25],[-122.45,49.25],[-122.45,49.35],[-122.55,49.35],[-122.55,49.25]]]},"properties":{"group":"cantharellus","week":"2026-10-05","chance":0.025,"uncertainty_low":null,"uncertainty_high":null,"applicable":true,"drivers":[],"weather_through":"2026-10-04","model_version":"pnw-pilot-t1-calendar-e2c272b7acfa"}},{"type":"Feature","id":"493_-1224","geometry":{"type":"Polygon","coordinates":[[[-122.45,49.25],[-122.35,49.25],[-122.35,49.35],[-122.45,49.35],[-122.45,49.25]]]},"properties":{"group":"cantharellus","week":"2026-10-05","chance":0.025,"uncertainty_low":null,"uncertainty_high":null,"applicable":true,"drivers":[],"weather_through":"2026-10-04","model_version":"pnw-pilot-t1-calendar-e2c272b7acfa"}},{"type":"Feature","id":"493_-1218","geometry":{"type":"Polygon","coordinates":[[[-121.85,49.25],[-121.75,49.25],[-121.75,49.35],[-121.85,49.35],[-121.85,49.25]]]},"properties":{"group":"cantharellus","week":"2026-10-05","chance":0.0276,"uncertainty_low":null,"uncertainty_high":null,"applicable":true,"drivers":[],"weather_through":"2026-10-04","model_version":"pnw-pilot-t1-calendar-e2c272b7acfa"}},{"type":"Feature","id":"494_-1247","geometry":{"type":"Polygon","coordinates":[[[-124.75,49.35],[-124.65,49.35],[-124.65,49.45],[-124.75,49.45],[-124.75,49.35]]]},"properties":{"group":"cantharellus","week":"2026-10-05","chance":0.0575,"uncertainty_low":null,"uncertainty_high":null,"applicable":true,"drivers":[],"weather_through":"2026-10-04","model_version":"pnw-pilot-t1-calendar-e2c272b7acfa"}},{"type":"Feature","id":"494_-1246","geometry":{"type":"Polygon","coordinates":[[[-124.65,49.35],[-124.55,49.35],[-124.55,49.45],[-124.65,49.45],[-124.65,49.35]]]},"properties":{"group":"cantharellus","week":"2026-10-05","chance":0.0481,"uncertainty_low":null,"uncertainty_high":null,"applicable":true,"drivers":[],"weather_through":"2026-10-04","model_version":"pnw-pilot-t1-calendar-e2c272b7acfa"}},{"type":"Feature","id":"494_-1244","geometry":{"type":"Polygon","coordinates":[[[-124.45,49.35],[-124.35,49.35],[-124.35,49.45],[-124.45,49.45],[-124.45,49.35]]]},"properties":{"group":"cantharellus","week":"2026-10-05","chance":0.0481,"uncertainty_low":null,"uncertainty_high":null,"applicable":true,"drivers":[],"weather_through":"2026-10-04","model_version":"pnw-pilot-t1-calendar-e2c272b7acfa"}},{"type":"Feature","id":"494_-1237","geometry":{"type":"Polygon","coordinates":[[[-123.75,49.35],[-123.65,49.35],[-123.65,49.45],[-123.75,49.45],[-123.75,49.35]]]},"properties":{"group":"cantharellus","week":"2026-10-05","chance":0.0662,"uncertainty_low":null,"uncertainty_high":null,"applicable":true,"drivers":[],"weather_through":"2026-10-04","model_version":"pnw-pilot-t1-calendar-e2c272b7acfa"}},{"type":"Feature","id":"494_-1236","geometry":{"type":"Polygon","coordinates":[[[-123.65,49.35],[-123.55,49.35],[-123.55,49.45],[-123.65,49.45],[-123.65,49.35]]]},"properties":{"group":"cantharellus","week":"2026-10-05","chance":0.0602,"uncertainty_low":null,"uncertainty_high":null,"applicable":true,"drivers":[],"weather_through":"2026-10-04","model_version":"pnw-pilot-t1-calendar-e2c272b7acfa"}},{"type":"Feature","id":"494_-1235","geometry":{"type":"Polygon","coordinates":[[[-123.55,49.35],[-123.45,49.35],[-123.45,49.45],[-123.55,49.45],[-123.55,49.35]]]},"properties":{"group":"cantharellus","week":"2026-10-05","chance":0.0447,"uncertainty_low":null,"uncertainty_high":null,"applicable":true,"drivers":[],"weather_through":"2026-10-04","model_version":"pnw-pilot-t1-calendar-e2c272b7acfa"}},{"type":"Feature","id":"494_-1234","geometry":{"type":"Polygon","coordinates":[[[-123.45,49.35],[-123.35,49.35],[-123.35,49.45],[-123.45,49.45],[-123.45,49.35]]]},"properties":{"group":"cantharellus","week":"2026-10-05","chance":0.0435,"uncertainty_low":null,"uncertainty_high":null,"applicable":true,"drivers":[],"weather_through":"2026-10-04","model_version":"pnw-pilot-t1-calendar-e2c272b7acfa"}},{"type":"Feature","id":"494_-1233","geometry":{"type":"Polygon","coordinates":[[[-123.35,49.35],[-123.25,49.35],[-123.25,49.45],[-123.35,49.45],[-123.35,49.35]]]},"properties":{"group":"cantharellus","week":"2026-10-05","chance":0.0337,"uncertainty_low":null,"uncertainty_high":null,"applicable":true,"drivers":[],"weather_through":"2026-10-04","model_version":"pnw-pilot-t1-calendar-e2c272b7acfa"}},{"type":"Feature","id":"494_-1232","geometry":{"type":"Polygon","coordinates":[[[-123.25,49.35],[-123.15,49.35],[-123.15,49.45],[-123.25,49.45],[-123.25,49.35]]]},"properties":{"group":"cantharellus","week":"2026-10-05","chance":0.032,"uncertainty_low":null,"uncertainty_high":null,"applicable":true,"drivers":[],"weather_through":"2026-10-04","model_version":"pnw-pilot-t1-calendar-e2c272b7acfa"}},{"type":"Feature","id":"494_-1231","geometry":{"type":"Polygon","coordinates":[[[-123.15,49.35],[-123.05,49.35],[-123.05,49.45],[-123.15,49.45],[-123.15,49.35]]]},"properties":{"group":"cantharellus","week":"2026-10-05","chance":0.0355,"uncertainty_low":null,"uncertainty_high":null,"applicable":true,"drivers":[],"weather_through":"2026-10-04","model_version":"pnw-pilot-t1-calendar-e2c272b7acfa"}},{"type":"Feature","id":"494_-1230","geometry":{"type":"Polygon","coordinates":[[[-123.05,49.35],[-122.95,49.35],[-122.95,49.45],[-123.05,49.45],[-123.05,49.35]]]},"properties":{"group":"cantharellus","week":"2026-10-05","chance":0.0452,"uncertainty_low":null,"uncertainty_high":null,"applicable":true,"drivers":[],"weather_through":"2026-10-04","model_version":"pnw-pilot-t1-calendar-e2c272b7acfa"}},{"type":"Feature","id":"494_-1229","geometry":{"type":"Polygon","coordinates":[[[-122.95,49.35],[-122.85,49.35],[-122.85,49.45],[-122.95,49.45],[-122.95,49.35]]]},"properties":{"group":"cantharellus","week":"2026-10-05","chance":0.0945,"uncertainty_low":null,"uncertainty_high":null,"applicable":true,"drivers":[],"weather_through":"2026-10-04","model_version":"pnw-pilot-t1-calendar-e2c272b7acfa"}},{"type":"Feature","id":"494_-1225","geometry":{"type":"Polygon","coordinates":[[[-122.55,49.35],[-122.45,49.35],[-122.45,49.45],[-122.55,49.45],[-122.55,49.35]]]},"properties":{"group":"cantharellus","week":"2026-10-05","chance":0.025,"uncertainty_low":null,"uncertainty_high":null,"applicable":true,"drivers":[],"weather_through":"2026-10-04","model_version":"pnw-pilot-t1-calendar-e2c272b7acfa"}},{"type":"Feature","id":"494_-1214","geometry":{"type":"Polygon","coordinates":[[[-121.45,49.35],[-121.35,49.35],[-121.35,49.45],[-121.45,49.45],[-121.45,49.35]]]},"properties":{"group":"cantharellus","week":"2026-10-05","chance":0.0257,"uncertainty_low":null,"uncertainty_high":null,"applicable":true,"drivers":[],"weather_through":"2026-10-04","model_version":"pnw-pilot-t1-calendar-e2c272b7acfa"}},{"type":"Feature","id":"495_-1248","geometry":{"type":"Polygon","coordinates":[[[-124.85,49.45],[-124.75,49.45],[-124.75,49.55],[-124.85,49.55],[-124.85,49.45]]]},"properties":{"group":"cantharellus","week":"2026-10-05","chance":0.0472,"uncertainty_low":null,"uncertainty_high":null,"applicable":true,"drivers":[],"weather_through":"2026-10-04","model_version":"pnw-pilot-t1-calendar-e2c272b7acfa"}},{"type":"Feature","id":"495_-1238","geometry":{"type":"Polygon","coordinates":[[[-123.85,49.45],[-123.75,49.45],[-123.75,49.55],[-123.85,49.55],[-123.85,49.45]]]},"properties":{"group":"cantharellus","week":"2026-10-05","chance":0.0544,"uncertainty_low":null,"uncertainty_high":null,"applicable":true,"drivers":[],"weather_through":"2026-10-04","model_version":"pnw-pilot-t1-calendar-e2c272b7acfa"}},{"type":"Feature","id":"495_-1237","geometry":{"type":"Polygon","coordinates":[[[-123.75,49.45],[-123.65,49.45],[-123.65,49.55],[-123.75,49.55],[-123.75,49.45]]]},"properties":{"group":"cantharellus","week":"2026-10-05","chance":0.0544,"uncertainty_low":null,"uncertainty_high":null,"applicable":true,"drivers":[],"weather_through":"2026-10-04","model_version":"pnw-pilot-t1-calendar-e2c272b7acfa"}},{"type":"Feature","id":"495_-1234","geometry":{"type":"Polygon","coordinates":[[[-123.45,49.45],[-123.35,49.45],[-123.35,49.55],[-123.45,49.55],[-123.45,49.45]]]},"properties":{"group":"cantharellus","week":"2026-10-05","chance":0.0435,"uncertainty_low":null,"uncertainty_high":null,"applicable":true,"drivers":[],"weather_through":"2026-10-04","model_version":"pnw-pilot-t1-calendar-e2c272b7acfa"}},{"type":"Feature","id":"495_-1232","geometry":{"type":"Polygon","coordinates":[[[-123.25,49.45],[-123.15,49.45],[-123.15,49.55],[-123.25,49.55],[-123.25,49.45]]]},"properties":{"group":"cantharellus","week":"2026-10-05","chance":0.032,"uncertainty_low":null,"uncertainty_high":null,"applicable":true,"drivers":[],"weather_through":"2026-10-04","model_version":"pnw-pilot-t1-calendar-e2c272b7acfa"}}]}